,element,crystal_structure,potential,cohesive_energy,vac,volume,V0,B0,BP
0,Li,bcc,2016--Nichol-A--Li--LAMMPS--ipr1,-1.647664380761047,0.0,21.255276813903908,21.473209678711996,14.93896694950271,27.94150747020983
1,Li,bcc,2016--Nichol-A--Li--LAMMPS--ipr2,-1.6480002765985633,0.0,21.6217680591418,21.63427190660907,11.084260140392443,-4.696479648795217
2,Li,bcc,Li_eam_fs,-1.647664380761047,0.0,21.255276813903908,21.473209678711996,14.93896694950271,27.94150747020983
3,Be,hcp,2013--Agrawal-A--Be--LAMMPS--ipr1,-3.225692876631448,17406.15711,8.907054847399737,8.95654918282414,308.2067426187345,-10.887944509504756
4,Be,hcp,2018--Byggmastar-J--Be-O--LAMMPS--ipr1,-3.6238981079341035,0.0,8.519141692824826,8.518826669173224,135.0762355031084,3.379950065460612
5,Na,bcc,2015--Wilson-S-R--Na--LAMMPS--ipr1,-1.111022000572651,0.0,37.786324802462865,37.78567165490366,7.312234588392918,3.7995422653792374
6,Na,bcc,2016--Nichol-A--Na--LAMMPS--ipr1,-1.107236001029779,0.0,37.863508871453625,39.49395284677578,7.307765306950955,3.688498327323015
7,Na,bcc,2016--Nichol-A--Na--LAMMPS--ipr2,-1.1090000273500364,0.0,39.4933576452283,39.49328958160667,7.218703886638728,4.92967280355423
8,Na,bcc,FictionalNa2_MendelevM_2015_eam_fs,-1.0947166171111304,0.0,37.838805831050834,37.83898476296856,7.27525860048486,3.7453007459320355
9,Na,bcc,FictionalNa3_MendelevM_2015_eam_fs,-1.0833230656479798,0.0,37.957236010994166,37.95790776659664,7.10536207247904,7.981934932256776
10,Na,bcc,Na_MendelevM_2014_eam_fs,-1.111022000572651,0.0,37.786324802462865,37.78567165490366,7.312234588392918,3.7995422653792374
11,Na,bcc,Na_Mendelev_eam,-1.111022000572651,0.0,37.786324802462865,37.78567165490366,7.312234588392918,3.7995422653792374
12,Na,bcc,Na_eam_fs,-1.107236001029779,0.0,37.863508871453625,39.49395284677578,7.307765306950955,3.688498327323015
13,Mg,hcp,1997--Liu-X-Y--Al-Mg--LAMMPS--ipr1,-1.5100011622234768,0.0,22.94244541706188,22.94187420747294,36.88939871182356,-0.033565559869105144
14,Mg,hcp,1998--Liu-X-Y--Al-Mg--LAMMPS--ipr1,-1.5100011621487397,0.0,22.942444590115272,22.941872396830167,36.88941099109813,-0.03356653308515012
15,Mg,hcp,2004--Zhou-X-W--Mg--LAMMPS--ipr1,-1.5499965986006112,0.0,23.09330714892129,23.091126779962792,35.284106411066986,5.190792484151414
16,Mg,hcp,2004--Zhou-X-W--Mg--LAMMPS--ipr2,-1.5499964882553918,0.0,23.093235789870413,23.091103154972075,35.28253382311273,5.19292678827046
17,Mg,hcp,2006--Sun-D-Y--Mg--LAMMPS--ipr1,-1.5286860700470508,0.0,22.761746472586296,22.757976389544748,36.02182818625532,-0.27987513977321143
18,Mg,hcp,2009--Mendelev-M-I--Al-Mg--LAMMPS--ipr1,-1.5286860709852546,0.0,22.76175774955531,22.757977996687167,36.02177798880338,-0.27997882500199633
19,Mg,hcp,2016--Wilson-S-R--Mg--LAMMPS--ipr1,-1.5321215922752816,0.0,22.7810520237841,22.77680886562877,35.92768572234044,-0.1856248797070046
20,Mg,hcp,2018--Dickel-D-E--Mg-Al-Zn--LAMMPS--ipr1,-1.5095979776346236,0.0,22.95606563671089,22.955947287662095,36.81924852044219,4.738871342207788
21,Mg,hcp,2018--Smirnova-D-E--Mg-H--LAMMPS--ipr1,-1.527605421178414,0.0,22.93670393996118,22.955425116832917,30.398151475195696,2.264973462945417
22,Mg,hcp,Al_Mg_Mendelev_eam,-1.5286860709852546,0.0,22.76175774955531,22.757977996687167,36.02177798880338,-0.27997882500199633
23,Mg,hcp,Al_Mg_eam_fs,-1.5286860709852546,0.0,22.76175774955531,22.757977996687167,36.02177798880338,-0.27997882500199633
24,Mg,hcp,Mg1_eam_fs,-1.5321215922752816,0.0,22.7810520237841,22.77680886562877,35.92768572234044,-0.1856248797070046
25,Mg,hcp,Mg1_prime_eam_fs,-1.482089891796608,0.0,22.83825837150667,22.834046558734766,36.64407890509013,0.6214667827603297
26,Mg,hcp,MgCu_lammps_eam,-1.5114600140784316,-0.2172169095921268,22.762315137722506,22.760117345773843,40.21451857830965,4.614622325450358
27,Mg,hcp,MgTi_lammps_eam,-1.511321333941605,0.10039819220187507,22.722215496376705,22.720946789696637,35.6227313411409,2.7155776448119266
28,Mg,hcp,MgY_lammps_eam,-1.5110495723863766,-0.14611081110381607,22.82060201483831,22.813195888826442,37.3621587436927,4.171895620528628
29,Mg,hcp,Mg_Mendelev_eam,-1.5321215922752816,0.0,22.7810520237841,22.77680886562877,35.92768572234044,-0.1856248797070046
30,Mg,hcp,Mg_eam_fs,-1.5286860700470508,0.0,22.761746472586296,22.757976389544748,36.02182818625532,-0.27987513977321143
31,Mg,hcp,mg_al_set_eam_alloy,-1.5100011622234768,0.0,22.94244541706188,22.94187420747294,36.88939871182356,-0.033565559869105144
32,Al,fcc,1995--Angelo-J-E--Ni-Al-H--LAMMPS--ipr1,-3.359999997072426,0.0,16.607532087307124,16.607532254565587,79.37461864758308,4.025242883218952
33,Al,fcc,1996--Farkas-D--Nb-Ti-Al--LAMMPS--ipr1,-3.2063481150638573,0.0,14.482704438325996,14.421371262026714,284.12208491349145,101.6407386715925
34,Al,fcc,1997--Liu-X-Y--Al-Mg--LAMMPS--ipr1,-3.360052723138551,0.0,16.38808423828764,16.38819206873473,81.27088723264018,4.423732748221242
35,Al,fcc,1998--Liu-X-Y--Al-Mg--LAMMPS--ipr1,-3.3599660183188003,0.0,16.38754585720652,16.387714387619567,82.87904646355302,6.775264193420973
36,Al,fcc,1999--Liu-X-Y--Al-Cu--LAMMPS--ipr1,-3.3600067457283296,0.0,16.387974365629653,16.38802459840079,81.20744196436196,4.416600283948662
37,Al,fcc,1999--Mishin-Y--Al--LAMMPS--ipr1,-3.3599999881840534,1.042222107228152e-10,16.607588603890253,16.607118189776802,78.19143311144191,1.5121035585162175
38,Al,fcc,2000--Landa-A--Al-Pb--LAMMPS--ipr1,-3.3592801222041713,0.0,16.37533052410054,16.375855333036046,74.09631423115322,2.042356106308983
39,Al,fcc,2000--Sturgeon-J-B--Al--LAMMPS--ipr1,-3.3900019328245654,0.0,16.607656944955327,16.60780863975219,76.74699908489531,4.134722537234545
40,Al,fcc,2002--Mishin-Y--Ni-Al--LAMMPS--ipr1,-3.3621773198736675,-9.232010989013162e-12,16.626315283638682,16.626317049847916,100.4463048840958,5.170276829041256
41,Al,fcc,2003--Zope-R-R--Al--LAMMPS--ipr1,-3.360000022904453,-0.00607941459516994,16.60753085077978,16.607530552532864,79.00818902228391,4.259938488752076
42,Al,fcc,2003--Zope-R-R--Ti-Al--LAMMPS--ipr1,-3.360000028594264,-0.061233718112,16.607524111239872,16.607529914022486,79.00808354700052,4.260082860450386
43,Al,fcc,2004--Liu-X-Y--Al--LAMMPS--ipr1,-3.3600003697781453,0.0,16.386597856928503,16.386838725545456,83.01554833285398,6.858123848516289
44,Al,fcc,2004--Mishin-Y--Ni-Al--LAMMPS--ipr1,-3.3600000225860636,-0.009869001533035417,16.607529270571355,16.60753056998184,79.00817686997617,4.259936816775675
45,Al,fcc,2004--Zhou-X-W--Al--LAMMPS--ipr1,-3.580002471521519,-9.5367431640625e-07,16.60975430938134,16.606340706155812,76.12367418963449,5.663347456241098
46,Al,fcc,2004--Zhou-X-W--Al--LAMMPS--ipr2,-3.5800022645616374,0.0,16.609986095251358,16.60629260032327,76.10350288621059,5.679526085576767
47,Al,fcc,2005--Mendelev-M-I--Al-Fe--LAMMPS--ipr1,-3.369705483359358,0.0,16.402957906588295,16.402911832498773,79.6924108239368,7.52392786377772
48,Al,fcc,2008--Mendelev-M-I--Al--LAMMPS--ipr1,-3.410656953718631,0.0,16.549286050728956,16.549369844550316,77.6332976903329,7.194393978073087
49,Al,fcc,2009--Mendelev-M-I--Al-Mg--LAMMPS--ipr1,-3.410656986126471,0.0,16.549416952469038,16.5493682244795,77.63264306843807,7.194652494478154
50,Al,fcc,2009--Purja-Pun-G-P--Ni-Al--LAMMPS--ipr1,-3.3599999878511126,-4.3766955338e-11,16.60753128902893,16.60707014926786,78.19333243736772,1.5125698830413317
51,Al,fcc,2009--Zhakhovskii-V-V--Al--LAMMPS--ipr1,-3.360694244185582,0.0,16.387080188165353,16.38708098561946,81.57299294733107,4.830662583227388
52,Al,fcc,2010--Winey-J-M--Al--LAMMPS--ipr1,-2.645979617160574,-0.03073426310514721,16.300000559100845,16.30000000688183,79.05933920310757,4.486999497696215
53,Al,fcc,2011--Apostol-F--Al-Cu--LAMMPS--ipr1,-3.3599998909945357,-5.878284109472887e-10,16.607464753569424,16.607069354790642,78.19031132902776,1.5130597627145956
54,Al,fcc,2012--Schopf-D--Al-Mn-Pd--LAMMPS--ipr1,-3.726281208720565,-0.09604918,18.664169143627138,18.66459715023815,38.93322212899317,4.54559939878043
55,Al,fcc,2015--Botu-V--Al--LAMMPS--ipr1,0.0,0.0,16.60753125,,,
56,Al,fcc,2015--Mendelev-M-I--Al-Sm--LAMMPS--ipr1,-3.905148801239214,0.0,16.496159592044805,16.496135707396135,81.09023893798894,4.2499860780238405
57,Al,fcc,2015--Pascuet-M-I--Al--LAMMPS--ipr1,-3.3599899573844216,0.0,16.607517567351348,16.60772329569781,78.46535272171998,6.299843083877783
58,Al,fcc,2015--Pascuet-M-I--Al-U--LAMMPS--ipr1,-3.3599899573844216,0.0,16.607517567351348,16.60772329569781,78.46535272171998,6.299843083877783
59,Al,fcc,2015--Pascuet-M-I--Al-U--LAMMPS--ipr2,-3.3599899573844216,0.0,16.607517567351348,16.60772329569781,78.46535272171998,6.299843083877783
60,Al,fcc,2015--Purja-Pun-G-P--Al-Co--LAMMPS--ipr1,-3.3599999883614093,-0.0001272028010000023,16.60753415961883,16.607070158190343,78.19331688532172,1.5125808799643141
61,Al,fcc,2015--Purja-Pun-G-P--Al-Co--LAMMPS--ipr2,-3.359999988486083,0.0,16.607533487174944,16.60707009446845,78.19332209306187,1.5125803320307312
62,Al,fcc,2015--Purja-Pun-G-P--Ni-Al-Co--LAMMPS--ipr1,-3.359999988322527,-0.0001272028010000023,16.607533810715328,16.607070154211122,78.1933160050892,1.5125811167392382
63,Al,fcc,2015--Purja-Pun-G-P--Ni-Al-Co--LAMMPS--ipr2,-3.359999988486083,0.0,16.607533487174944,16.60707009446845,78.19332209306187,1.5125803320307312
64,Al,fcc,2017--Botu-V--Al--LAMMPS--ipr1,0.0,0.0,16.60753125,,,
65,Al,fcc,2018--Dickel-D-E--Mg-Al-Zn--LAMMPS--ipr1,-3.3600000038715985,0.0,16.60751932183192,16.607453132202988,79.43139174346548,4.6468654943337135
66,Al,fcc,Al03_eam_alloy,-3.360000022904453,-0.00607941459516994,16.60753085077978,16.607530552532864,79.00818902228391,4.259938488752076
67,Al,fcc,Al1_eam_fs,-3.410656953718631,0.0,16.549286050728956,16.549369844550316,77.6332976903329,7.194393978073087
68,Al,fcc,Al90Sm10_MendelevM_2014_eam_fs,-3.905148801239214,0.0,16.496159592044805,16.496135707396135,81.09023893798894,4.2499860780238405
69,Al,fcc,Al99_eam_alloy,-3.3599999881840534,1.042222107228152e-10,16.607588603890253,16.607118189776802,78.19143311144191,1.5121035585162175
70,Al,fcc,AlAg_lammps_eam,-3.3613088273488714,-0.46462965523408695,16.219803885515816,16.217141684162847,47.67212854653338,11.109632505713282
71,Al,fcc,Al_Fe_eam_fs,-3.369705483359358,0.0,16.402957906588295,16.402911832498773,79.6924108239368,7.52392786377772
72,Al,fcc,Al_H_Ni_Angelo_eam,-3.359999997072426,0.0,16.607532087307124,16.607532254565587,79.37461864758308,4.025242883218952
73,Al,fcc,Al_LEA_eam_alloy,-3.3600003697781453,0.0,16.386597856928503,16.386838725545456,83.01554833285398,6.858123848516289
74,Al,fcc,Al_Mg_Mendelev_eam,-3.410656986126471,0.0,16.549416952469038,16.5493682244795,77.63264306843807,7.194652494478154
75,Al,fcc,Al_Mg_eam_fs,-3.410656986126471,0.0,16.549416952469038,16.5493682244795,77.63264306843807,7.194652494478154
76,Al,fcc,Al_lammps_2_eam,-3.359546480880049,1.993105045281756,16.531516726673033,16.531997877080748,80.84594343573602,5.548681017231805
77,Al,fcc,Al_lammps_eam,-3.3623015069205393,0.3072321645544536,16.219339430654014,16.219262369437594,82.55351844521626,4.55412257580819
78,Al,fcc,CuAl_lammps_eam,-3.3544853262382697,-1.3389545266244696,16.62161011561984,16.622207764830648,81.47967813661774,3.5964293734185455
79,Al,fcc,Farkas_Nb_Ti_Al_1996_eam_alloy,-3.2063481150638573,0.0,14.482704438325996,14.421371262026714,284.12208491349145,101.6407386715925
80,Al,fcc,Fictional_Al1_1_eam_fs,-3.604734652224453,0.0,16.53482203806234,16.534904011247395,77.34254826368117,6.867545063585501
81,Al,fcc,Fictional_Al1_2_eam_fs,-3.6148372717303734,0.0,16.538874080203808,16.538877158026438,76.50365776691294,7.062144881204096
82,Al,fcc,Fictional_Al1_3_eam_fs,-3.715014041682612,0.0,16.530701094636825,16.53076114699309,72.78060731647366,11.208134737840572
83,Al,fcc,MDSL_eam_fs,-3.3900019328245654,0.0,16.607656944955327,16.60780863975219,76.74699908489531,4.134722537234545
84,Al,fcc,Mishin_Al_Co_2013_eam_alloy,-3.3599999883614093,-0.0001272028010000023,16.60753415961883,16.607070158190343,78.19331688532172,1.5125808799643141
85,Al,fcc,Mishin_Ni_Al_04,-3.3600000225860636,-0.009869001533035417,16.607529270571355,16.60753056998184,79.00817686997617,4.259936816775675
86,Al,fcc,Mishin_Ni_Al_2009_eam_alloy,-3.3599999878511126,-4.3766955338e-11,16.60753128902893,16.60707014926786,78.19333243736772,1.5125698830413317
87,Al,fcc,Mishin_Ni_Al_Co_2013_eam_alloy,-3.359999988322527,-0.0001272028010000023,16.607533810715328,16.607070154211122,78.1933160050892,1.5125811167392382
88,Al,fcc,Mishin_updated_Al_Co_2013_eam_alloy,-3.359999988486083,0.0,16.607533487174944,16.60707009446845,78.19332209306187,1.5125803320307312
89,Al,fcc,Mishin_updated_Ni_Al_Co_2013_eam_alloy,-3.359999988486083,0.0,16.607533487174944,16.60707009446845,78.19332209306187,1.5125803320307312
90,Al,fcc,NiAl02_eam_alloy,-3.3621773198736675,-9.232010989013162e-12,16.626315283638682,16.626317049847916,100.4463048840958,5.170276829041256
91,Al,fcc,NiAlH_jea_eam_alloy,-3.359999997072426,0.0,16.607532087307124,16.607532254565587,79.37461864758308,4.025242883218952
92,Al,fcc,NiAl_eam_alloy,-3.3600000225860636,-0.009869001533035417,16.607529270571355,16.60753056998184,79.00817686997617,4.259936816775675
93,Al,fcc,Zope_Ti_Al_2003_eam,-3.360000028594264,-0.061233718112,16.607524111239872,16.607529914022486,79.00808354700052,4.260082860450386
94,Al,fcc,Zope_Ti_Al_2003_eam_alloy,-3.360000028594264,-0.061233718112,16.607524111239872,16.607529914022486,79.00808354700052,4.260082860450386
95,Al,fcc,ZrAl_lammps_eam,-3.3628857035370534,-0.1517400070672232,16.17617595889452,16.17658090062314,86.37837897357849,6.443867612727255
96,Al,fcc,ZrCuAl_lammps_eam,-3.3624988961911786,-0.4128134256893736,16.200132746082534,16.199565549485634,82.79417433493421,6.362543704044335
97,Al,fcc,alpb_setfl_eam_alloy,-3.3592801222041713,0.0,16.37533052410054,16.375855333036046,74.09631423115322,2.042356106308983
98,Al,fcc,mg_al_set_eam_alloy,-3.360052723138551,0.0,16.38808423828764,16.38819206873473,81.27088723264018,4.423732748221242
99,K,bcc,2016--Nichol-A--K--LAMMPS--ipr1,-0.835953069530607,0.0,52.14379062150438,-64.30176087362159,-33291416923.706314,-9.52043903501543
100,K,bcc,2016--Nichol-A--K--LAMMPS--ipr2,-0.9229999889142777,0.0,75.62451096730858,75.62299285894902,2.66184527973378,-0.9362322924313436
101,K,bcc,K_eam_fs,-0.835953069530607,0.0,52.14379062150438,-64.30176087362159,-33291416923.706314,-9.52043903501543
102,Ca,fcc,Ca_lammps_eam,-1.8406409392890457,-0.10400897019843287,42.94504778235782,42.94507240590347,23.931552435026607,7.73528667729455
103,Ti,hcp,1992--Ackland-G-J--Ti--LAMMPS--ipr1,-4.8528262522909245,0.0,17.996283254883092,17.998016786555805,120.70401932938414,4.253512355367739
104,Ti,hcp,1992--Ackland-G-J--Ti--LAMMPS--ipr2,-4.852826252291913,0.0,17.996283254822583,17.99801838385938,120.70407435350484,4.253548033843874
105,Ti,hcp,1996--Farkas-D--Nb-Ti-Al--LAMMPS--ipr1,-4.850000070355398,0.0,17.67088434957771,17.67087918681321,109.97139709019005,4.162545580175699
106,Ti,hcp,2003--Zope-R-R--Ti-Al--LAMMPS--ipr1,-4.850011364030689,-7.7941043376e-10,17.67152551759407,17.67098995357155,111.49810791948974,3.01151069440567
107,Ti,hcp,2004--Zhou-X-W--Ti--LAMMPS--ipr1,-4.870024196692419,0.0,17.867724930524215,17.907019209011825,102.36487815270658,2.766258031468113
108,Ti,hcp,2004--Zhou-X-W--Ti--LAMMPS--ipr2,-4.870024368622839,0.0,17.867650597731966,17.90701571211572,102.37593887744558,2.767860737979726
109,Ti,hcp,2008--Hennig-R-G--Ti--LAMMPS--ipr1,-4.831183777795295,0.0,17.39678532422257,17.39422315528941,112.7610181437624,5.503887198632842
110,Ti,hcp,2009--Kim-H-K--Fe-Ti-C--LAMMPS--ipr1,-4.8726927261454245,0.0,17.607735183065806,17.608675965560376,109.67091485767898,4.144441777276169
111,Ti,hcp,2009--Kim-H-K--Fe-Ti-C--LAMMPS--ipr2,-4.8726927261454245,0.0,17.607735183065806,17.608675965560376,109.67091485767898,4.144441777276169
112,Ti,hcp,2015--Ko-W-S--Ni-Ti--LAMMPS--ipr1,-4.867116465270874,0.0,17.351492170302773,17.351582923229422,112.02596511309349,3.773788064701839
113,Ti,hcp,2015--Ko-W-S--Ni-Ti--LAMMPS--ipr2,-4.867116465270874,0.0,17.351492170302773,17.351582923229422,112.02596511309349,3.773788064701839
114,Ti,hcp,2016--Mendelev-M-I--Ti-1--LAMMPS--ipr1,-5.345522270573679,0.0,17.68558175203513,17.684115328206985,110.73718555895573,55.96058405720589
115,Ti,hcp,2016--Mendelev-M-I--Ti-2--LAMMPS--ipr1,-5.246503410916268,0.0,17.688821383613096,17.68646710392423,105.70506872149515,103.18198430658063
116,Ti,hcp,2016--Mendelev-M-I--Ti-3--LAMMPS--ipr1,-5.401655025676516,0.0,17.673592513677427,17.666503250179424,113.92676167153454,50.109161478205195
117,Ti,hcp,2017--Maisel-S-B--V-Ni-Ti--LAMMPS--ipr1,-4.867116465273694,0.0,17.3514921702946,17.351582737232153,112.02598033688372,3.7737865178422547
118,Ti,hcp,Farkas_Nb_Ti_Al_1996_eam_alloy,-4.850000070355398,0.0,17.67088434957771,17.67087918681321,109.97139709019005,4.162545580175699
119,Ti,hcp,MgTi_lammps_eam,-4.852782933215556,0.4804845165389247,17.60895514419102,17.669479779065146,113.52836856474207,3.475983424551628
120,Ti,hcp,Ti1_eam_fs,-5.345522270573679,0.0,17.68558175203513,17.684115328206985,110.73718555895573,55.96058405720589
121,Ti,hcp,Ti2_eam_fs,-5.246503410916268,0.0,17.688821383613096,17.68646710392423,105.70506872149515,103.18198430658063
122,Ti,hcp,Ti3_eam_fs,-5.401655025676516,0.0,17.673592513677427,17.666503250179424,113.92676167153454,50.109161478205195
123,Ti,hcp,Ti_eam_fs,-4.8528262522909245,0.0,17.996283254883092,17.998016786555805,120.70401932938414,4.253512355367739
124,Ti,hcp,Zope_Ti_Al_2003_eam,-4.850011364030689,-7.7941043376e-10,17.67152551759407,17.67098995357155,111.49810791948974,3.01151069440567
125,Ti,hcp,Zope_Ti_Al_2003_eam_alloy,-4.850011364030689,-7.7941043376e-10,17.67152551759407,17.67098995357155,111.49810791948974,3.01151069440567
126,V,bcc,2003--Han-S--V--LAMMPS--ipr1,-5.300000227951609,0.0,13.909062538790012,13.909444755947419,158.41953776213214,5.825048704793711
127,V,bcc,2007--Mendelev-M-I--V-Fe--LAMMPS--ipr1,-5.016152959962484,0.0,13.907265734436077,13.907571576409605,156.36731867937266,0.7168653320613587
128,V,bcc,2009--Olsson-P-A-T--V--LAMMPS--ipr1,-5.310000188014237,-1e-07,13.908506485489175,13.9085919927895,157.11104668093583,6.564824908186263
129,V,bcc,2017--Maisel-S-B--V-Ni-Ti--LAMMPS--ipr1,-5.300000098422011,0.0,13.498811652506765,13.498811649771097,158.61547590867252,4.175830836788082
130,V,bcc,V_Fe_eam_fs,-5.016152959962484,0.0,13.907265734436077,13.907571576409605,156.36731867937266,0.7168653320613587
131,Cr,bcc,2009--Stukowski-A--Fe-Cr--LAMMPS--ipr1,-3.8362848601401236,-0.03955339200000006,11.919710720405508,11.920841010429,208.0595659221568,3.6070408268282312
132,Cr,bcc,2011--Bonny-G--Fe-Cr--LAMMPS--ipr1,-4.1012357268085395,-0.0004353461,11.770687991460731,11.77068755903794,215.7787548787781,3.6175315940678745
133,Cr,bcc,2011--Bonny-G--Fe-Ni-Cr--LAMMPS--ipr1,-3.522710256002109,0.0,12.68760036096514,12.690725652548734,89.9528292547748,-10.745005766219041
134,Cr,bcc,2013--Bonny-G--Fe-Cr-W--LAMMPS--ipr1,-4.1012357268085395,-0.0004353461,11.770687991460731,11.77068755903794,215.7787548787781,3.6175315940678745
135,Cr,bcc,2013--Bonny-G--Fe-Cr-W-LAMMPS--ipr1,-4.1012357268085395,-0.0004353461,11.770687991460731,11.77068755903794,215.7787548787781,3.6175315940678745
136,Cr,bcc,2013--Bonny-G--Fe-Ni-Cr--LAMMPS--ipr1,-4.103348830835963,0.0,11.971475841844036,11.97283762044981,37.191779737666685,-3.5654143696489813
137,Cr,bcc,2018--Farkas-D--Fe-Ni-Cr-Co-Cu--LAMMPS--ipr1,-4.1444919112474325,0.0,10.914743086050926,10.914077378145791,171.04419693186196,4.718172031211233
138,Cr,bcc,2018--Farkas-D--Fe-Ni-Cr-Co-Cu--LAMMPS--ipr2,-4.144491911320183,0.0,10.914743271883559,10.912540112219727,168.44883441096047,4.628556841789968
139,Cr,bcc,2018--Howells-C-A--Cr--LAMMPS--ipr1,-4.100019028208866,0.0,11.944433137785909,11.941942554857649,213.2080037341097,5.4499881585591226
140,Cr,bcc,2018--Howells-C-A--Cr-Ni--LAMMPS--ipr1,-4.100019028208866,0.0,11.944433137785909,11.941942554857649,213.2080037341097,5.4499881585591226
141,Cr,bcc,2018--Zhou-X-W--Fe-Ni-Cr--LAMMPS--ipr1,-4.09373704763036,0.0,12.001292276199575,12.001320479321794,264.0011443491946,-1.2985955297889114
142,Cr,bcc,2018--Zhou-X-W--Fe-Ni-Cr--LAMMPS--ipr2,-4.09373704763036,0.0,12.001292276199575,12.001320479321794,264.0011443491946,-1.2985955297889114
143,Cr,bcc,FeNiCr_Bonny_2013_ptDef_eam_alloy,-4.103348830835963,0.0,11.971475841844036,11.97283762044981,37.191779737666685,-3.5654143696489813
144,Cr,bcc,FeNiCr_eam_alloy,-3.522710256002109,0.0,12.68760036096514,12.690725652548734,89.9528292547748,-10.745005766219041
145,Fe,bcc,1997--Ackland-G-J--Fe--LAMMPS--ipr1,-4.316000049480837,0.0,11.776760052234442,11.776364008323988,180.2407083250818,5.078309961649408
146,Fe,bcc,2003--Mendelev-M-I--Fe-2--LAMMPS--ipr1,-4.122435102060979,0.0,11.639560562700042,11.639676808524746,178.92779330074146,1.2079342187224267
147,Fe,bcc,2003--Mendelev-M-I--Fe-2--LAMMPS--ipr3,-4.122435100733355,0.0,11.639557633260328,11.639676920769146,178.9278265872196,1.2078953011644127
148,Fe,bcc,2003--Mendelev-M-I--Fe-5--LAMMPS--ipr1,-4.134100346419468,0.0,11.638746579418607,11.638849255119494,178.66955341423156,0.7949094036983866
149,Fe,bcc,2004--Ackland-G-J--Fe-P--LAMMPS--ipr1,-4.0129823062319625,0.0,11.639412644232069,11.63946734300502,178.62407065694748,2.8936274070489034
150,Fe,bcc,2004--Zhou-X-W--Fe--LAMMPS--ipr1,-4.2899982695721395,-2.384185791015625e-07,11.769958672786169,11.770059026498977,166.83512632606943,4.3512923731674915
151,Fe,bcc,2004--Zhou-X-W--Fe--LAMMPS--ipr2,-4.289998026364378,0.0,11.7700129449619,11.770058010627574,166.82782091767714,4.355201575013582
152,Fe,bcc,2005--Mendelev-M-I--Al-Fe--LAMMPS--ipr1,-4.012982306629585,0.0,11.639409700181723,11.639467440165673,178.6241006962587,2.893582588462356
153,Fe,bcc,2006--Chamati-H--Fe--LAMMPS--Ilaksh,-4.280000069342866,-8.287185624539228e-08,11.77676099003811,11.776699817417818,178.29315504683098,3.5161275025770777
154,Fe,bcc,2006--Chamati-H--Fe--LAMMPS--ipr1,-4.280000069347669,0.0,11.776761043820223,11.776700089315154,178.29312572050728,3.5161287586270387
155,Fe,bcc,2007--Mendelev-M-I--V-Fe--LAMMPS--ipr1,-4.0129823062319625,0.0,11.639412644232069,11.63946734300502,178.62407065694748,2.8936274070489034
156,Fe,bcc,2008--Hepburn-D-J--Fe-C--LAMMPS--ipr1,-4.012982306525187,0.0,11.639409990990162,11.63946766828765,178.62404612368863,2.893599283049193
157,Fe,bcc,2009--Bonny-G--Fe-Cu-Ni--LAMMPS--ipr1,-4.1224351007349735,0.0,11.639557634706781,11.63967690135398,178.92782695363638,1.20789504786371
158,Fe,bcc,2009--Bonny-G--Fe-Ni--LAMMPS--ipr1,-4.1224351007349735,0.0,11.639557634706781,11.63967690135398,178.92782695363638,1.20789504786371
159,Fe,bcc,2009--Kim-H-K--Fe-Ti-C--LAMMPS--ipr1,-4.290209683858433,0.0,11.741616538627532,11.741616676890372,172.99838535890996,4.95379933482975
160,Fe,bcc,2009--Kim-H-K--Fe-Ti-C--LAMMPS--ipr2,-4.290209683858433,0.0,11.741616538627532,11.741616676890372,172.99838535890996,4.95379933482975
161,Fe,bcc,2009--Olsson-P-A-T--Fe--LAMMPS--ipr1,-4.279999930465883,-1e-07,11.81995235167719,11.819956671553793,170.3522163593229,5.115419879305538
162,Fe,bcc,2009--Stukowski-A--Fe-Cr--LAMMPS--ipr1,-4.122436284897125,-0.0003463902582750575,11.639545974436832,11.639665349604043,178.92802848936918,1.2078434192075274
163,Fe,bcc,2010--Malerba-L--Fe--LAMMPS--ipr1,-4.122397883653702,0.0,11.639008495668401,11.639113922058836,177.6851563803854,-0.7837078257213563
164,Fe,bcc,2011--Bonny-G--Fe-Cr--LAMMPS--ipr1,-4.122435100736265,0.0,11.639557633626222,11.639676936436617,178.92782746579726,1.2078951426802043
165,Fe,bcc,2011--Bonny-G--Fe-Ni-Cr--LAMMPS--ipr1,-4.004536248891211,0.0,11.782503043965393,11.784801955191622,47.60848649300406,4.018167740174567
166,Fe,bcc,2011--Chiesa-S--Fe-33--LAMMPS--ipr1,-13.883614501316487,-8.093616756567865,11.776817224193149,11.776808018138416,173.49963761273384,2.7015471701899862
167,Fe,bcc,2012--Proville-L--Fe--LAMMPS--Hale,-4.122496190819081,0.0,11.150663968429498,11.150255271183664,177.69997586865088,-1.081293431649181
168,Fe,bcc,2012--Proville-L--Fe--LAMMPS--ipr1,-4.122450702035598,0.0,11.150716267401695,11.150307614048428,177.70272471548236,-1.0812725946314028
169,Fe,bcc,2013--Bonny-G--Fe-Cr-W--LAMMPS--ipr1,-4.122435100736265,0.0,11.639557633626222,11.639676936436617,178.92782746579726,1.2078951426802043
170,Fe,bcc,2013--Bonny-G--Fe-Cr-W-LAMMPS--ipr1,-4.122435100736265,0.0,11.639557633626222,11.639676936436617,178.92782746579726,1.2078951426802043
171,Fe,bcc,2013--Bonny-G--Fe-Ni-Cr--LAMMPS--ipr1,-4.280293974651645,0.0,11.696813711199292,11.697582576713296,160.43561298511145,16.613381180024902
172,Fe,bcc,2013--Bonny-G--Fe-W--LAMMPS--ipr1,-4.122435100736265,0.0,11.639557633626222,11.639676936436617,178.92782746579726,1.2078951426802043
173,Fe,bcc,2013--Henriksson-K-O-E--Fe-C--LAMMPS--ipr1,-4.1786581969384295,0.0,12.051825459122858,12.051365064564663,170.2599665346971,4.45412285314284
174,Fe,bcc,2014--Liyanage-L-S-I--Fe-C--LAMMPS--ipr1,-4.279999570646543,0.0,11.586724554933227,11.586988887647909,168.15253116671957,5.732004279021502
175,Fe,bcc,2014--Liyanage-L-S-I--Fe-C--LAMMPS--ipr2,-4.279999570646543,0.0,11.586724554933227,11.586988887647909,168.15253116671957,5.732004279021502
176,Fe,bcc,2015--Asadi-E--Fe--LAMMPS--ipr1,-4.289999640794209,0.0,11.586752486154838,11.58681727418552,166.6514713937123,4.078037376855013
177,Fe,bcc,2017--Wang-P--TWIP--LAMMPS--ipr1,-4.253113972017521,0.0,11.808804989752625,11.809273336540521,264.01186261931434,6.357021390048443
178,Fe,bcc,2018--Etesami-S-A--Fe--LAMMPS--ipr1,-4.2899998062632285,0.0,11.586751606596252,11.58675155393202,166.76294284640025,4.35333562476553
179,Fe,bcc,2018--Farkas-D--Fe-Ni-Cr-Co-Cu--LAMMPS--ipr1,-4.30094166659026,0.0,11.701008748220282,11.70161088800738,182.38223998862756,7.242290497107222
180,Fe,bcc,2018--Farkas-D--Fe-Ni-Cr-Co-Cu--LAMMPS--ipr2,-4.300941665235497,0.0,11.70102477181094,11.70151116864181,182.6226242850813,7.329367484290353
181,Fe,bcc,2018--Zhou-X-W--Fe-Ni-Cr--LAMMPS--ipr1,-4.280317524482241,0.0,11.779789755575168,11.779636589650577,225.7487972013365,2.204331758333974
182,Fe,bcc,2018--Zhou-X-W--Fe-Ni-Cr--LAMMPS--ipr2,-4.280317524482241,0.0,11.779789755575168,11.779636589650577,225.7487972013365,2.204331758333974
183,Fe,bcc,2019--Byggmastar-J--Fe-O--LAMMPS--ipr1,-4.178658196728598,0.0,12.051825459292493,12.051362153395877,170.26006207204628,4.454100101754973
184,Fe,bcc,Al_Fe_eam_fs,-4.012982306629585,0.0,11.639409700181723,11.639467440165673,178.6241006962587,2.893582588462356
185,Fe,bcc,FeCuNi_eam_alloy,-4.1224351007349735,0.0,11.639557634706781,11.63967690135398,178.92782695363638,1.20789504786371
186,Fe,bcc,FeNiCr_Bonny_2013_ptDef_eam_alloy,-4.280293974651645,0.0,11.696813711199292,11.697582576713296,160.43561298511145,16.613381180024902
187,Fe,bcc,FeNiCr_eam_alloy,-4.004536248891211,0.0,11.782503043965393,11.784801955191622,47.60848649300406,4.018167740174567
188,Fe,bcc,Fe_1_eam_fs,-4.253113972017521,0.0,11.808804989752625,11.809273336540521,264.01186261931434,6.357021390048443
189,Fe,bcc,Fe_2_eam_fs,-4.122435100733355,0.0,11.639557633260328,11.639676920769146,178.9278265872196,1.2078953011644127
190,Fe,bcc,Fe_3_eam_fs,-4.122435100733355,0.0,11.639557633260328,11.639676920769146,178.9278265872196,1.2078953011644127
191,Fe,bcc,Fe_5_eam_fs,-4.134100346419468,0.0,11.638746579418607,11.638849255119494,178.66955341423156,0.7949094036983866
192,Fe,bcc,Fe_C_Becquart_eam,-4.012982306238215,0.0,11.639409969284221,11.639467323255863,178.62417152102805,2.8935761920179726
193,Fe,bcc,Fe_C_Hepburn_Ackland_eam,-4.012982306525187,0.0,11.639409990990162,11.63946766828765,178.62404612368863,2.893599283049193
194,Fe,bcc,Fe_C_Hepburn_Ackland_eam_fs,-4.012982306525187,0.0,11.639409990990162,11.63946766828765,178.62404612368863,2.893599283049193
195,Fe,bcc,Fe_Mishin2006_eam_alloy,-4.280000069347669,0.0,11.776761043820223,11.776700089315154,178.29312572050728,3.5161287586270387
196,Fe,bcc,Fe_Ni_eam_alloy,-4.1224351007349735,0.0,11.639557634706781,11.63967690135398,178.92782695363638,1.20789504786371
197,Fe,bcc,Fe_P_eam_fs,-4.0129823062319625,0.0,11.639412644232069,11.63946734300502,178.62407065694748,2.8936274070489034
198,Fe,bcc,Fe_eam_fs,-4.316000049480837,0.0,11.776760052234442,11.776364008323988,180.2407083250818,5.078309961649408
199,Fe,bcc,V_Fe_eam_fs,-4.0129823062319625,0.0,11.639412644232069,11.63946734300502,178.62407065694748,2.8936274070489034
200,Co,hcp,2004--Zhou-X-W--Co--LAMMPS--ipr1,-4.410040426765124,-1.192092895507812e-07,11.135384796827788,11.131421935835501,183.21257949455034,5.042370271355114
201,Co,hcp,2004--Zhou-X-W--Co--LAMMPS--ipr2,-4.410040503690917,0.0,11.135331203110736,11.131421767382756,183.20980622803654,5.042088110197024
202,Co,hcp,2012--Purja-Pun-G-P--Co--LAMMPS--ipr1,-4.39105430248126,-0.0168030308,11.140540464580178,11.139869070907507,192.6787847535512,4.540383683156679
203,Co,hcp,2015--Purja-Pun-G-P--Al-Co--LAMMPS--ipr1,-4.391054421524661,-0.01713608898,11.140514513250395,11.141079959740734,192.07710001404024,3.9503291849924675
204,Co,hcp,2015--Purja-Pun-G-P--Al-Co--LAMMPS--ipr2,-4.391049342001557,0.0,11.140771205836122,11.140014801827668,192.56648612533135,4.484861410620668
205,Co,hcp,2015--Purja-Pun-G-P--Ni-Al-Co--LAMMPS--ipr1,-4.391054421718474,-0.01713608898,11.140514327787368,11.14108024547305,192.07711075862125,3.9503277879402576
206,Co,hcp,2015--Purja-Pun-G-P--Ni-Al-Co--LAMMPS--ipr2,-4.391049342001557,0.0,11.140771205836122,11.140014801827668,192.56648612533135,4.484861410620668
207,Co,hcp,2015--Purja-Pun-G-P--Ni-Co--LAMMPS--ipr1,-4.391054421718474,-0.01713608898,11.140514327787368,11.14108024547305,192.07711075862125,3.9503277879402576
208,Co,hcp,2015--Purja-Pun-G-P--Ni-Co--LAMMPS--ipr2,-4.391049342001557,0.0,11.140771205836122,11.140014801827668,192.56648612533135,4.484861410620668
209,Co,hcp,2018--Farkas-D--Fe-Ni-Cr-Co-Cu--LAMMPS--ipr1,-4.41074886040241,0.0,11.301840915157966,11.261764502367987,261.2027993474908,21.272839162581153
210,Co,hcp,2018--Farkas-D--Fe-Ni-Cr-Co-Cu--LAMMPS--ipr2,-4.408645715317458,0.0,11.35353441238525,11.333835010906482,206.98628676106873,0.296875717965863
211,Co,hcp,Co_PurjaPun_2012_eam_alloy,-4.39105430248126,-0.0168030308,11.140540464580178,11.139869070907507,192.6787847535512,4.540383683156679
212,Co,hcp,Mishin_Al_Co_2013_eam_alloy,-4.391054421524661,-0.01713608898,11.140514513250395,11.141079959740734,192.07710001404024,3.9503291849924675
213,Co,hcp,Mishin_Ni_Al_Co_2013_eam_alloy,-4.391054421718474,-0.01713608898,11.140514327787368,11.14108024547305,192.07711075862125,3.9503277879402576
214,Co,hcp,Mishin_Ni_Co_2013_eam_alloy,-4.391054421718474,-0.01713608898,11.140514327787368,11.14108024547305,192.07711075862125,3.9503277879402576
215,Co,hcp,Mishin_updated_Al_Co_2013_eam_alloy,-4.391049342001557,0.0,11.140771205836122,11.140014801827668,192.56648612533135,4.484861410620668
216,Co,hcp,Mishin_updated_Ni_Al_Co_2013_eam_alloy,-4.391049342001557,0.0,11.140771205836122,11.140014801827668,192.56648612533135,4.484861410620668
217,Co,hcp,Mishin_updated_Ni_Co_2013_eam_alloy,-4.391049342001557,0.0,11.140771205836122,11.140014801827668,192.56648612533135,4.484861410620668
218,Ni,fcc,1985--Foiles-S-M--Ni-Cu--LAMMPS--ipr1,-4.449999978688476,0.0,10.903551967925443,10.903552566592289,180.61196551961237,4.231034565569662
219,Ni,fcc,1986--Foiles-S-M--Ag-Au-Cu-Ni-Pd-Pt--LAMMPS--ipr1,-4.4499999859272075,0.0,10.903551932416622,10.903552600440127,180.61164292411422,4.230983732012406
220,Ni,fcc,1986--Foiles-S-M--Ni--LAMMPS--ipr1,-4.45000000357825,0.0,10.903551273595818,10.903552085005106,180.6121515809634,4.231260649607346
221,Ni,fcc,1987--Ackland-G-J--Ni--LAMMPS--ipr1,-4.458997437238056,0.0,10.942818050407393,10.942450551538,191.89416183444766,10.423438220783911
222,Ni,fcc,1987--Ackland-G-J--Ni--LAMMPS--ipr2,-4.45899743732784,0.0,10.942818375820693,10.942541266931592,194.82550747529783,12.965228933623994
223,Ni,fcc,1989--Adams-J-B--Ag-Au-Cu-Ni-Pd-Pt--LAMMPS--ipr1,-4.449999985134276,0.0,10.903551852612468,10.90355265007322,180.61162488918134,4.230958199161241
224,Ni,fcc,1989--Adams-J-B--Ni--LAMMPS--ipr1,-4.450000003826606,0.0,10.903551163029036,10.9035520949289,180.6121564740643,4.231256093283193
225,Ni,fcc,1995--Angelo-J-E--Ni-Al-H--LAMMPS--ipr1,-4.45000001259447,0.0,10.903555254733607,10.903489267894455,180.69339878583608,4.237272706240785
226,Ni,fcc,1999--Mishin-Y--Ni--LAMMPS--ipr1,-4.449999998349966,-3.09700299259974e-11,10.903546774708001,10.903203841973996,184.78693794829326,1.136280045586386
227,Ni,fcc,2002--Mishin-Y--Ni-Al--LAMMPS--ipr1,-4.501335164060909,2.476466948175826e-12,10.28791936667253,10.287984097123886,422.41094887082875,6.818773723844401
228,Ni,fcc,2004--Mishin-Y--Ni-Al--LAMMPS--ipr1,-4.449999985170186,-0.02254965015409191,10.90355228500642,10.903552879931134,181.0138666907503,4.4741660139164665
229,Ni,fcc,2004--Zhou-X-W--Ni--LAMMPS--ipr1,-4.449968281718312,2.384185791015625e-07,10.900603904420057,10.899547561449157,179.65209046518078,4.47209284112282
230,Ni,fcc,2004--Zhou-X-W--Ni--LAMMPS--ipr2,-4.449968082755487,0.0,10.900362173195077,10.899539711236866,179.63403728458297,4.474126321052647
231,Ni,fcc,2009--Bonny-G--Fe-Cu-Ni--LAMMPS--ipr1,-4.450261609785652,-0.0364522165523,10.903560884505922,10.903551836735748,180.3326519353209,4.214541391967756
232,Ni,fcc,2009--Bonny-G--Fe-Ni--LAMMPS--ipr1,-4.450261609785652,-0.0364522165523,10.903560884505922,10.903551836735748,180.3326519353209,4.214541391967756
233,Ni,fcc,2009--Purja-Pun-G-P--Ni-Al--LAMMPS--ipr1,-4.449999985737973,-0.022546436667,10.903552521522997,10.90355288419477,181.01386832242557,4.474163221833168
234,Ni,fcc,2011--Bonny-G--Fe-Ni-Cr--LAMMPS--ipr1,-4.4497422096394645,0.0,10.896996992799627,10.896996386674116,180.25890335011204,0.5277738399202194
235,Ni,fcc,2012--Mendelev-M-I--Ni--LAMMPS--ipr1,-4.385508769570651,0.0,10.886101229592633,10.88245814934188,182.49398787356108,7.027681336745475
236,Ni,fcc,2012--Mendelev-M-I--Ni-Zr--LAMMPS--ipr1,-4.3855087695534705,0.0,10.886101349213234,10.882453392199025,182.4953191961817,7.030364968720084
237,Ni,fcc,2013--Bonny-G--Fe-Ni-Cr--LAMMPS--ipr1,-4.44865910698973,0.0,10.926497379526175,10.929532231728082,177.0647364932868,14.425350576022227
238,Ni,fcc,2013--Onat-B--Cu-Ni--LAMMPS--ipr1,-4.449999997530334,0.0,10.903555100918686,10.910554563816596,183.08999628715566,-1.6572811276964061
239,Ni,fcc,2013--Onat-B--Cu-Ni--LAMMPS--ipr2,-4.4500000000013324,0.0,10.90355162762747,10.907038145014395,181.74059891987145,1.2261891342081346
240,Ni,fcc,2015--Asadi-E--Ni--LAMMPS--ipr1,-4.45000000002504,0.0,10.91649055591267,10.916490562714989,187.2717557224676,4.386664253377731
241,Ni,fcc,2015--Ko-W-S--Ni-Ti--LAMMPS--ipr1,-4.450000000474854,0.0,10.916490372257911,10.916490563169393,185.85252737841026,4.8798746579799275
242,Ni,fcc,2015--Ko-W-S--Ni-Ti--LAMMPS--ipr2,-4.450000000474854,0.0,10.916490372257911,10.916490563169393,185.85252737841026,4.8798746579799275
243,Ni,fcc,2015--Purja-Pun-G-P--Ni-Al-Co--LAMMPS--ipr1,-4.449999985824485,-0.02723131635865661,10.903551953257136,10.903552886791394,181.01387013653712,4.474161672587837
244,Ni,fcc,2015--Purja-Pun-G-P--Ni-Al-Co--LAMMPS--ipr2,-4.449999985714498,0.0,10.903552419716462,10.903552879715033,181.01386580349157,4.474164993479811
245,Ni,fcc,2015--Purja-Pun-G-P--Ni-Co--LAMMPS--ipr1,-4.449999985824485,-0.02723131635865661,10.903551953257136,10.903552886791394,181.01387013653712,4.474161672587837
246,Ni,fcc,2015--Purja-Pun-G-P--Ni-Co--LAMMPS--ipr2,-4.449999985714498,0.0,10.903552419716462,10.903552879715033,181.01386580349157,4.474164993479811
247,Ni,fcc,2015--Wilson-S-R--Ni-Zr--LAMMPS--ipr1,-4.3855087695534705,0.0,10.886101349213234,10.882453392199025,182.4953191961817,7.030364968720084
248,Ni,fcc,2016--Zhang-Y--Ni-Nb--LAMMPS--ipr1,-4.876312065470906,0.0,10.86858129607892,10.86836230482947,185.0739319289556,8.592660823874452
249,Ni,fcc,2017--Maisel-S-B--V-Ni-Ti--LAMMPS--ipr1,-4.450000000474891,0.0,10.916490372258096,10.916490563196321,185.85252737121334,4.879874658244655
250,Ni,fcc,2018--Etesami-S-A--Ni--LAMMPS--ipr1,-4.4500000001075195,0.0,10.90355194302558,10.903552003772003,188.97321437014597,4.399998207103676
251,Ni,fcc,2018--Farkas-D--Fe-Ni-Cr-Co-Cu--LAMMPS--ipr1,-4.450000016800418,0.0,10.903559058262648,10.922500492197573,198.65690412935123,-12.366000957909595
252,Ni,fcc,2018--Farkas-D--Fe-Ni-Cr-Co-Cu--LAMMPS--ipr2,-4.45000001545325,0.0,10.903559085909505,10.903203946774061,184.78749775601793,1.136237136964553
253,Ni,fcc,2018--Howells-C-A--Cr-Ni--LAMMPS--ipr1,-4.449999985781434,0.0,10.903552908993918,10.903552924163321,181.01387243172385,4.474142280542149
254,Ni,fcc,2018--Mendelev-M-I--Ag-Ni--LAMMPS--ipr1,-4.3855087695703014,0.0,10.886101223119798,10.88245680919684,182.49403847175458,7.0276234408682505
255,Ni,fcc,2018--Pan-Z--Ag-Ni--LAMMPS--ipr1,-4.3855087695703014,0.0,10.886101223119798,10.88245680919684,182.49403847175458,7.0276234408682505
256,Ni,fcc,2018--Zhou-X-W--Fe-Ni-Cr--LAMMPS--ipr1,-4.432099756161084,0.0,10.940338246752063,10.940328001637486,187.6085150991892,3.5797085726192677
257,Ni,fcc,2018--Zhou-X-W--Fe-Ni-Cr--LAMMPS--ipr2,-4.432099756161084,0.0,10.940338246752063,10.940328001637486,187.6085150991892,3.5797085726192677
258,Ni,fcc,Al_H_Ni_Angelo_eam,-4.45000001259447,0.0,10.903555254733607,10.903489267894455,180.69339878583608,4.237272706240785
259,Ni,fcc,FeCuNi_eam_alloy,-4.450261609785652,-0.0364522165523,10.903560884505922,10.903551836735748,180.3326519353209,4.214541391967756
260,Ni,fcc,FeNiCr_Bonny_2013_ptDef_eam_alloy,-4.44865910698973,0.0,10.926497379526175,10.929532231728082,177.0647364932868,14.425350576022227
261,Ni,fcc,FeNiCr_eam_alloy,-4.4497422096394645,0.0,10.896996992799627,10.896996386674116,180.25890335011204,0.5277738399202194
262,Ni,fcc,Fe_Ni_eam_alloy,-4.450261609785652,-0.0364522165523,10.903560884505922,10.903551836735748,180.3326519353209,4.214541391967756
263,Ni,fcc,Mishin_Ni_Al_04,-4.449999985170186,-0.02254965015409191,10.90355228500642,10.903552879931134,181.0138666907503,4.4741660139164665
264,Ni,fcc,Mishin_Ni_Al_2009_eam_alloy,-4.449999985737973,-0.022546436667,10.903552521522997,10.90355288419477,181.01386832242557,4.474163221833168
265,Ni,fcc,Mishin_Ni_Al_Co_2013_eam_alloy,-4.449999985824485,-0.02723131635865661,10.903551953257136,10.903552886791394,181.01387013653712,4.474161672587837
266,Ni,fcc,Mishin_Ni_Co_2013_eam_alloy,-4.449999985824485,-0.02723131635865661,10.903551953257136,10.903552886791394,181.01387013653712,4.474161672587837
267,Ni,fcc,Mishin_updated_Ni_Al_Co_2013_eam_alloy,-4.449999985714498,0.0,10.903552419716462,10.903552879715033,181.01386580349157,4.474164993479811
268,Ni,fcc,Mishin_updated_Ni_Co_2013_eam_alloy,-4.449999985714498,0.0,10.903552419716462,10.903552879715033,181.01386580349157,4.474164993479811
269,Ni,fcc,Ni1_Mendelev_2010_eam_fs,-4.385508769570651,0.0,10.886101229592633,10.88245814934188,182.49398787356108,7.027681336745475
270,Ni,fcc,Ni1_Mendelev_2012_eam_fs,-4.385508769570651,0.0,10.886101229592633,10.88245814934188,182.49398787356108,7.027681336745475
271,Ni,fcc,Ni99_eam_alloy,-4.449999998349966,-3.09700299259974e-11,10.903546774708001,10.903203841973996,184.78693794829326,1.136280045586386
272,Ni,fcc,NiAl02_eam_alloy,-4.501335164060909,2.476466948175826e-12,10.28791936667253,10.287984097123886,422.41094887082875,6.818773723844401
273,Ni,fcc,NiAlH_jea_eam_alloy,-4.45000001259447,0.0,10.903555254733607,10.903489267894455,180.69339878583608,4.237272706240785
274,Ni,fcc,NiAl_eam_alloy,-4.449999985170186,-0.02254965015409191,10.90355228500642,10.903552879931134,181.0138666907503,4.4741660139164665
275,Ni,fcc,NiP_lammps_eam,-4.451007300618895,0.3438319281136084,10.770701350305865,10.770305447587155,202.25629490942393,5.123064348704258
276,Ni,fcc,NiZr_lammps_eam,-4.451086078815944,0.0004801604007989885,10.750642041433439,10.750703295547995,191.77621287824797,4.904875659429575
277,Ni,fcc,Ni_Nb_1_eam_fs,-4.876312065470906,0.0,10.86858129607892,10.86836230482947,185.0739319289556,8.592660823874452
278,Ni,fcc,Ni_Zr_Mendelev_2010_eam_fs,-4.3855087695534705,0.0,10.886101349213234,10.882453392199025,182.4953191961817,7.030364968720084
279,Ni,fcc,Ni_Zr_Mendelev_2012_eam_fs,-4.3855087695534705,0.0,10.886101349213234,10.882453392199025,182.4953191961817,7.030364968720084
280,Ni,fcc,Ni_Zr_Mendelev_2014_eam_fs,-4.3855087695534705,0.0,10.886101349213234,10.882453392199025,182.4953191961817,7.030364968720084
281,Ni,fcc,Ni_eam_fs,-4.458997437238056,0.0,10.942818050407393,10.942450551538,191.89416183444766,10.423438220783911
282,Ni,fcc,Ni_lammps_eam,-4.451988022817945,-0.10373300155080382,10.72580514319775,10.725805609204548,192.59836511081332,5.241208478655572
283,Cu,fcc,1985--Foiles-S-M--Ni-Cu--LAMMPS--ipr1,-3.540000002834824,0.0,11.810407440959537,11.810394755540013,138.51291258334166,4.323057192898534
284,Cu,fcc,1986--Foiles-S-M--Ag-Au-Cu-Ni-Pd-Pt--LAMMPS--ipr1,-3.5399999962069164,0.0,11.810408279373618,11.81033412542374,138.47421775427733,4.36926932998538
285,Cu,fcc,1986--Foiles-S-M--Cu--LAMMPS--ipr1,-3.5400000022808538,0.0,11.810408106320834,11.810368159759877,138.4956674648513,4.343560669686588
286,Cu,fcc,1987--Ackland-G-J--Cu--LAMMPS--ipr1,-3.5193530263920074,0.0,11.810418939304423,11.810738844615926,142.84982484883187,10.980954151214892
287,Cu,fcc,1987--Ackland-G-J--Cu--LAMMPS--ipr2,-3.5179835597328335,0.0,11.810413371063028,11.810658470821435,141.63759648674616,9.462156284617194
288,Cu,fcc,1989--Adams-J-B--Ag-Au-Cu-Ni-Pd-Pt--LAMMPS--ipr1,-3.5399999958902564,0.0,11.810408284000335,11.810330243784632,138.47162631259192,4.372363079765891
289,Cu,fcc,1989--Adams-J-B--Cu--LAMMPS--ipr1,-3.540000002294,0.0,11.810408102734096,11.810365875683388,138.4942561373808,4.345253712229302
290,Cu,fcc,1990--Ackland-G-J--Cu--LAMMPS--ipr1,-3.5179984043027916,0.0,11.810415458506629,11.809487416446213,145.37576767522927,18.160950497288972
291,Cu,fcc,1999--Liu-X-Y--Al-Cu--LAMMPS--ipr1,-3.540000013373854,0.0,11.810410378798677,11.810378278449816,138.50109883919612,4.336272832895381
292,Cu,fcc,2001--Mishin-Y--Cu-1--LAMMPS--ipr1,-3.5399999683808443,-2.009087334761683e-07,11.810409044008459,11.810363920892483,138.94133208792215,2.6978040386897058
293,Cu,fcc,2003--Hoyt-J-J--Cu-Pb--LAMMPS--ipr1,-3.540053051403292,0.0,11.810744642274438,11.811127376340588,139.79265207229452,4.064253127413238
294,Cu,fcc,2004--Zhou-X-W--Cu--LAMMPS--ipr1,-3.5399943780046077,0.0,11.807399640469088,11.80897759748774,137.74389044309186,5.073351176386516
295,Cu,fcc,2004--Zhou-X-W--Cu--LAMMPS--ipr2,-3.5399945909736146,0.0,11.807399640469088,11.808964327474836,137.76215982605999,5.075680286382188
296,Cu,fcc,2004--Zhou-X-W--Cu-Ag-Au--LAMMPS--ipr1,-3.5399947117606128,0.0,11.810045226000804,11.809274636724847,137.57565580395803,5.0195017041942736
297,Cu,fcc,2004--Zhou-X-W--Cu-Ag-Au--LAMMPS--ipr2,-3.539994950511446,0.0,11.810017997928817,11.809247683483145,137.56717971559976,5.026540315749074
298,Cu,fcc,2004--Zhou-X-W--Ta-Cu--LAMMPS--ipr1,-3.5399942556270023,0.0,11.809810431528886,11.809254373191608,137.58162500800927,5.023199643930118
299,Cu,fcc,2004--Zhou-X-W--Ta-Cu--LAMMPS--ipr2,-3.539994950490984,0.0,11.810017966413076,11.809247090150166,137.56720011648792,5.026586200378382
300,Cu,fcc,2006--Williams-P-L--Cu-Ag--LAMMPS--ipr1,-3.5399999686881327,-2.009305244618509e-07,11.810408749445175,11.810363324710476,138.9413400535653,2.6977952004391574
301,Cu,fcc,2007--Mendelev-M-I--Cu-Zr--LAMMPS--ipr1,-3.283116232017225,0.0,12.048046974831799,12.04927927733989,135.9805977838307,-1.4449298138577082
302,Cu,fcc,2008--Mendelev-M-I--Cu--LAMMPS--ipr1,-3.2831162091526944,0.0,12.048070150830872,12.049278695830788,135.97809570139268,-1.4460033144679794
303,Cu,fcc,2009--Bonny-G--Fe-Cu-Ni--LAMMPS--ipr1,-3.5402183302155668,4.9999999997e-06,11.809673811905213,11.809634103557944,138.94950038582482,2.7029444297075282
304,Cu,fcc,2009--Mendelev-M-I--Cu-Zr--LAMMPS--ipr1,-3.2831162319596388,0.0,12.0480468107578,12.049261591293154,135.9802687398,-1.4442346542016897
305,Cu,fcc,2009--Wu-H-H--Cu-Ag--LAMMPS--ipr1,-3.3206664741005936,-0.042223632109995725,10.646585002077211,10.647263782938644,102.95244712277503,4.179451350831083
306,Cu,fcc,2011--Apostol-F--Al-Cu--LAMMPS--ipr1,-3.540000096799783,-2.6710598878820768e-05,11.810399223422676,11.810362908566814,138.94284696985613,2.6979397959719464
307,Cu,fcc,2012--Mendelev-M-I--Cu--LAMMPS--ipr1,-3.422719162965264,0.0,12.04749795334271,12.047542442658786,142.64600350627487,4.228904816351706
308,Cu,fcc,2013--Onat-B--Cu-Ni--LAMMPS--ipr1,-3.54000091900543,0.0,11.810445055202152,11.810366515968214,138.31038453866367,4.2248001851906345
309,Cu,fcc,2013--Onat-B--Cu-Ni--LAMMPS--ipr2,-3.540000109156626,0.0,11.810425092115477,11.810369235243176,138.30996667991022,4.2241346374313355
310,Cu,fcc,2015--Asadi-E--Cu--LAMMPS--ipr1,-3.54000000004011,0.0,11.863283131759555,11.863283201699721,143.63918408128416,4.466666713201784
311,Cu,fcc,2015--Purja-Pun-G-P--Cu-Ta--LAMMPS--ipr1,-3.539999968701998,0.0,11.81040982327327,11.810364090948166,138.94130886594957,2.6978038035681626
312,Cu,fcc,2015--Purja-Pun-G-P--Cu-Ta--LAMMPS--ipr2,-3.539999968701998,0.0,11.81040982327327,11.810364090948166,138.94130886594957,2.6978038035681626
313,Cu,fcc,2016--Borovikov-V--Cu-Zr--LAMMPS--ipr1,-3.4066625257002667,0.0,12.042915516241402,12.043359950994182,142.80553587274542,3.5658463052601954
314,Cu,fcc,2018--Etesami-S-A--Cu--LAMMPS--ipr1,-3.540000000042604,0.0,11.859481951115649,11.859482067368454,143.68528328624092,4.466594884807993
315,Cu,fcc,2018--Farkas-D--Fe-Ni-Cr-Co-Cu--LAMMPS--ipr1,-3.539999941154741,0.0,11.85948173047598,11.859091956353467,133.98656401348651,-1.1102028011278233
316,Cu,fcc,2018--Farkas-D--Fe-Ni-Cr-Co-Cu--LAMMPS--ipr2,-3.5399999395789132,0.0,11.859482850532267,11.859261272380296,134.06047488130412,-1.2900312687041444
317,Cu,fcc,Cu01_eam_alloy,-3.5399999683808443,-2.009087334761683e-07,11.810409044008459,11.810363920892483,138.94133208792215,2.6978040386897058
318,Cu,fcc,CuAg_eam_alloy,-3.5399999686881327,-2.009305244618509e-07,11.810408749445175,11.810363324710476,138.9413400535653,2.6977952004391574
319,Cu,fcc,CuAl_lammps_eam,-3.5428477159623535,-0.6875576302924018,11.99643082808424,11.996335471303324,136.57182733923494,4.327970505708861
320,Cu,fcc,CuZr_3_eam_fs,-3.4066625257002667,0.0,12.042915516241402,12.043359950994182,142.80553587274542,3.5658463052601954
321,Cu,fcc,Cu_Mendelev_eam,-3.422719162965264,0.0,12.04749795334271,12.047542442658786,142.64600350627487,4.228904816351706
322,Cu,fcc,Cu_Zr_2_eam_fs,-3.2831162319596388,0.0,12.0480468107578,12.049261591293154,135.9802687398,-1.4442346542016897
323,Cu,fcc,Cu_Zr_eam_fs,-3.283116232017225,0.0,12.048046974831799,12.04927927733989,135.9805977838307,-1.4449298138577082
324,Cu,fcc,Cu_eam_fs,-3.5193530263920074,0.0,11.810418939304423,11.810738844615926,142.84982484883187,10.980954151214892
325,Cu,fcc,Cu_lammps_2_eam,-3.541395816319961,-0.3860793932427429,12.011300265322111,12.011173878024989,134.54362437741005,4.6404885488650685
326,Cu,fcc,Cu_lammps_eam,-3.5413589685225397,-0.5082053413190378,11.622366395919324,11.622360024040423,143.6809890682275,4.343558158689155
327,Cu,fcc,FeCuNi_eam_alloy,-3.5402183302155668,4.9999999997e-06,11.809673811905213,11.809634103557944,138.94950038582482,2.7029444297075282
328,Cu,fcc,MCu1_MendelevM_2014_eam_fs,-3.4253335542598746,0.0,12.049397727018855,12.049485471221344,142.74522112312076,4.3288848445724595
329,Cu,fcc,MCu2_MendelevM_2014_eam_fs,-3.4162525001720505,0.0,12.048916000064064,12.048975764314143,142.64175422506116,4.274707691329168
330,Cu,fcc,MCu31_eam_fs,-3.4066625256995353,0.0,12.04291550462936,12.043360192803142,142.80550212529513,3.5658477665095676
331,Cu,fcc,MCu32_eam_fs,-3.4132082736513762,0.0,12.035228653059653,12.035451443164062,143.253534617927,4.028769150610251
332,Cu,fcc,MCu33_eam_fs,-3.3987146024030555,0.0,12.051594546482843,12.051857834697248,142.26069564846733,6.502912467773918
333,Cu,fcc,MCu34_eam_fs,-3.39870522979777,0.0,12.050412943179598,12.050511145153191,142.7280927505868,7.11301424326898
334,Cu,fcc,MCu3_MendelevM_2014_eam_fs,-3.422719162965264,0.0,12.04749795334271,12.047542442658786,142.64600350627487,4.228904816351706
335,Cu,fcc,MCu4_MendelevM_2014_eam_fs,-3.42859323984881,0.0,12.046209169214984,12.046239805696372,142.64841364756626,4.188112707027508
336,Cu,fcc,MCu5_MendelevM_2014_eam_fs,-3.4276407324164038,0.0,12.043663863867383,12.043668958720765,142.7030270574199,3.993749270534404
337,Cu,fcc,MCu6_MendelevM_2014_eam_fs,-3.409714758910697,0.0,12.040260699640106,12.040394706817963,142.47070999207844,4.458806695658989
338,Cu,fcc,MCu7_MendelevM_2014_eam_fs,-3.4267254221933348,0.0,12.037904883599351,12.0378716318304,142.5326631867306,3.7680704272527956
339,Cu,fcc,Mendelev_Cu2_2012_eam_fs,-3.422719162965264,0.0,12.04749795334271,12.047542442658786,142.64600350627487,4.228904816351706
340,Cu,fcc,MgCu_lammps_eam,-3.541014263016893,-0.49727093490328705,11.649071385376622,11.64893985796685,149.00192242465835,3.587933118200162
341,Cu,fcc,ZrCuAg_lammps_eam,-3.5407575290426228,-0.6718724347490923,11.671725587526028,11.671493927342867,150.99456383258422,2.993176145247106
342,Cu,fcc,ZrCuAl_lammps_eam,-3.540944606863781,-0.7114650709962971,11.64820071952649,11.64809430887596,136.1576254319128,2.625131415388926
343,Cu,fcc,ZrCu_lammps_eam,-3.543260290607808,-0.3233781395015271,11.971650660942618,11.971401293980811,138.67250093409746,4.688985667387805
344,Cu,fcc,cu_ag_ymwu_eam_alloy,-3.3206664741005936,-0.042223632109995725,10.646585002077211,10.647263782938644,102.95244712277503,4.179451350831083
345,Zn,hcp,2013--Zhou-X-W--Zn-Cd-Hg-S-Se-Te--LAMMPS--ipr1,-1.324996816824599,0.0,16.108240962167248,16.348359537167305,340.0724788466657,7.258994304431701
346,Zn,hcp,2018--Dickel-D-E--Mg-Al-Zn--LAMMPS--ipr1,-1.3504319371542026,0.0,15.22992263906404,15.237131521611246,76.67876592968733,6.993959290055902
347,Se,hcp,2013--Zhou-X-W--Zn-Cd-Hg-S-Se-Te--LAMMPS--ipr1,-1.9195662572245769,0.0,33.22930764836281,,,
348,Rb,bcc,2016--Nichol-A--Rb--LAMMPS--ipr1,-0.8399037468466478,0.0,87.33742454398809,87.21215364844117,3.2741017650528623,-0.7370757705231491
349,Rb,bcc,2016--Nichol-A--Rb--LAMMPS--ipr2,-0.8399997258195941,0.0,87.10430562268641,87.1037024898218,3.059215694768478,3.490659074814297
350,Rb,bcc,Rb_eam_fs,-0.8399037468466478,0.0,87.33742454398809,87.21215364844117,3.2741017650528623,-0.7370757705231491
351,Sr,fcc,Sr_lammps_eam,-1.7206293641148334,-0.046460425339159214,55.75102770870902,55.75122339900958,10.903752819647028,-14.185723909434566
352,Y,hcp,MgY_lammps_eam,-4.370678636682337,-0.41406423438592155,33.04076668472363,32.9453307929533,43.30786979851408,1.6018723182512953
353,Zr,hcp,1995--Ackland-G-J--Zr--LAMMPS--ipr1,-6.249936004401321,0.0,23.686540383480576,23.686239668636883,106.91664972917415,4.190733722414598
354,Zr,hcp,2004--Zhou-X-W--Zr--LAMMPS--ipr1,-6.3600528959298055,0.0,23.18566029679818,23.21766983918654,94.76952164405549,4.5976263771768675
355,Zr,hcp,2004--Zhou-X-W--Zr--LAMMPS--ipr2,-6.360052381863403,0.0,23.186069879548022,23.217653497570165,94.77692550068365,4.598523460686462
356,Zr,hcp,2007--Mendelev-M-I--Cu-Zr--LAMMPS--ipr1,-6.469265894730596,0.0,23.418789455082646,23.42567471614294,97.64715939895244,13.911016615534141
357,Zr,hcp,2007--Mendelev-M-I--Zr-1--LAMMPS--ipr1,-6.016730310512341,0.0,23.436314454705364,23.439566714274775,122.45848049893371,3.3615136714776854
358,Zr,hcp,2007--Mendelev-M-I--Zr-2--LAMMPS--ipr1,-6.469265894718443,0.0,23.418788933242276,23.42567847104181,97.64687531624081,13.911012837539461
359,Zr,hcp,2007--Mendelev-M-I--Zr-2--LAMMPS--ipr2,-6.469265893625561,0.0,23.418797998607072,23.425668949571705,97.6473957723628,13.911047496908665
360,Zr,hcp,2007--Mendelev-M-I--Zr-3--LAMMPS--ipr1,-6.634709190706312,0.0,23.403911205893404,23.409734481334148,100.96186426342874,-0.7674706302431163
361,Zr,hcp,2007--Mendelev-M-I--Zr-3--LAMMPS--ipr2,-6.634709195215571,0.0,23.40392061004906,23.40973722775178,100.96222366850218,-0.7675809457678427
362,Zr,hcp,2009--Mendelev-M-I--Cu-Zr--LAMMPS--ipr1,-6.469265894829563,0.0,23.41878874854826,23.42567789241701,97.64693844394517,13.911006025008788
363,Zr,hcp,2012--Mendelev-M-I--Ni-Zr--LAMMPS--ipr1,-6.469265893626154,0.0,23.418797993842425,23.42567520846956,97.64711775807874,13.911017154532862
364,Zr,hcp,2015--Wilson-S-R--Ni-Zr--LAMMPS--ipr1,-6.469265893626154,0.0,23.418797993842425,23.42567520846956,97.64711775807874,13.911017154532862
365,Zr,hcp,2016--Borovikov-V--Cu-Zr--LAMMPS--ipr1,-6.469265893623316,0.0,23.41879800027351,23.42568049630216,97.64676753465697,13.911002577044709
366,Zr,hcp,2017--Smirnova-D-E--Zr-Nb--LAMMPS--ipr1,-6.469283843430748,0.0,23.15002376362823,23.10605969846689,114.33675473968054,2.611172297303953
367,Zr,hcp,CuZr_3_eam_fs,-6.469265893623316,0.0,23.41879800027351,23.42568049630216,97.64676753465697,13.911002577044709
368,Zr,hcp,Cu_Zr_2_eam_fs,-6.469265894829563,0.0,23.41878874854826,23.42567789241701,97.64693844394517,13.911006025008788
369,Zr,hcp,Cu_Zr_eam_fs,-6.469265894730596,0.0,23.418789455082646,23.42567471614294,97.64715939895244,13.911016615534141
370,Zr,hcp,NiZr_lammps_eam,-6.323913107785981,-0.8956477350742816,23.576553373044423,23.494743341468812,87.90309025867597,2.5197715629788466
371,Zr,hcp,Ni_Zr_Mendelev_2010_eam_fs,-6.469265893626154,0.0,23.418797993842425,23.42567520846956,97.64711775807874,13.911017154532862
372,Zr,hcp,Ni_Zr_Mendelev_2012_eam_fs,-6.469265893626154,0.0,23.418797993842425,23.42567520846956,97.64711775807874,13.911017154532862
373,Zr,hcp,Ni_Zr_Mendelev_2014_eam_fs,-6.469265893626154,0.0,23.418797993842425,23.42567520846956,97.64711775807874,13.911017154532862
374,Zr,hcp,ZrAl_lammps_eam,-6.320558078066823,-1.7866451609323357,23.24003544898085,23.253402930320462,98.39701282420462,1.8571703474368584
375,Zr,hcp,ZrCuAg_lammps_eam,-6.320954464006071,-1.5594288913155328,23.109748510563097,23.10012448633396,87.0814239215113,2.819088175331908
376,Zr,hcp,ZrCuAl_lammps_eam,-6.321312268420329,-1.4761567282104486,23.11866607937823,23.125250409378936,97.12355859549604,2.34587766054562
377,Zr,hcp,ZrCu_lammps_eam,-6.334771167888592,-0.6623821857747997,23.25885332534332,23.270695881304587,98.80838200757778,1.012915592885224
378,Zr,hcp,ZrPt_lammps_eam,-6.347389865021693,-2.967874929222525,22.726401623853537,21.8978992014449,79.50869555495525,26.041167614093588
379,Zr,hcp,Zr_1_eam_fs,-6.016730310512341,0.0,23.436314454705364,23.439566714274775,122.45848049893371,3.3615136714776854
380,Zr,hcp,Zr_2_eam_fs,-6.469265893625561,0.0,23.418797998607072,23.425668949571705,97.6473957723628,13.911047496908665
381,Zr,hcp,Zr_3_eam_fs,-6.634709190706312,0.0,23.403911205893404,23.409734481334148,100.96186426342874,-0.7674706302431163
382,Zr,hcp,Zr_lammps_eam,-6.335829990174493,-5.163557743408785,23.068197215153003,23.07126954889269,100.12667253008966,4.200279586048962
383,Nb,bcc,1996--Farkas-D--Nb-Ti-Al--LAMMPS--ipr1,-7.465424234990526,0.0,17.969340752650737,17.969212289970915,170.29293104999596,3.198859365347471
384,Nb,bcc,2010--Fellinger-M-R--Nb--LAMMPS--ipr1,-7.091232980053838,0.0,18.09783832238449,18.09580673997946,159.4939357169138,5.553367201446652
385,Nb,bcc,2016--Zhang-Y--Ni-Nb--LAMMPS--ipr1,-7.346872506885996,0.0,18.007301897718964,18.007050121351742,169.34074368089955,10.170463194638797
386,Nb,bcc,2017--Smirnova-D-E--Zr-Nb--LAMMPS--ipr1,-7.496707143064882,0.0,17.72391815859882,17.72350237895588,158.46509058771483,12.551347108298993
387,Nb,bcc,Farkas_Nb_Ti_Al_1996_eam_alloy,-7.465424234990526,0.0,17.969340752650737,17.969212289970915,170.29293104999596,3.198859365347471
388,Nb,bcc,Nb_eam_alloy,-7.091232980053838,0.0,18.09783832238449,18.09580673997946,159.4939357169138,5.553367201446652
389,Nb,bcc,Ni_Nb_1_eam_fs,-7.346872506885996,0.0,18.007301897718964,18.007050121351742,169.34074368089955,10.170463194638797
390,Mo,bcc,1987--Ackland-G-J--Mo--LAMMPS--ipr1,-6.9475342421868,0.0,15.742744697676693,15.741976713521387,424.5080836317191,0.5041309099241598
391,Mo,bcc,1987--Ackland-G-J--Mo--LAMMPS--ipr2,-6.819999931998464,0.0,15.586297976057875,15.585680596774376,263.15252556584994,0.8605734322959282
392,Mo,bcc,2004--Zhou-X-W--Mo--LAMMPS--ipr1,-6.810003826726346,-9.5367431640625e-07,15.630219980999568,15.63031110959702,263.2557850111676,4.693879726871166
393,Mo,bcc,2004--Zhou-X-W--Mo--LAMMPS--ipr2,-6.810003469350588,0.0,15.629995797713672,15.630306901848842,263.25525818361297,4.695285692008587
394,Mo,bcc,2012--Park-H--Mo--LAMMPS--ipr1,-6.817377657779493,0.0,15.88854520649719,15.88848931205408,237.91295541826042,5.659107743673101
395,Mo,bcc,2013--Smirnova-D-E--U-Mo-Xe--LAMMPS--ipr1,-6.9293709522589735,-0.03216188,15.589487357816314,15.587146387705186,345.4852141450956,5.004928235565568
396,Mo,bcc,2018--Starikov-S-V--U-Mo--LAMMPS--ipr1,-6.8803301930879375,0.0,15.614546428890492,15.615571841911386,294.9550824670464,3.6270096455507854
397,Mo,bcc,2018--Starikov-S-V--U-Mo--LAMMPS--ipr2,-6.8803301930879375,0.0,15.614546428890492,15.615571841911386,294.9550824670464,3.6270096455507854
398,Mo,bcc,U_Mo_Xe_2013_eam_alloy,-6.9293709522589735,-0.03216188,15.589487357816314,15.587146387705186,345.4852141450956,5.004928235565568
399,Ru,hcp,2008--Fortini-A--Ru--LAMMPS--ipr1,-6.864537723756463,0.0,13.580501143509291,13.604307233283231,323.81288120093177,109.40619492285936
400,Ru,hcp,Ru_eam_fs,-6.864537723756463,0.0,13.580501143509291,13.604307233283231,323.81288120093177,109.40619492285936
401,Rh,fcc,Rh_lammps_eam,-5.750902294907191,-0.9112683122754358,13.63973966240493,13.639758423090022,273.24901152452156,3.169819563943605
402,Pd,fcc,1986--Foiles-S-M--Ag-Au-Cu-Ni-Pd-Pt--LAMMPS--ipr1,-3.909999964014953,0.0,14.715967132759188,14.715967997526613,195.69926462957872,5.249204447173023
403,Pd,fcc,1986--Foiles-S-M--Pd--LAMMPS--ipr1,-3.91000000014949,0.0,14.715967102024742,14.715968422556715,195.69932418748203,5.248834460084976
404,Pd,fcc,1989--Adams-J-B--Ag-Au-Cu-Ni-Pd-Pt--LAMMPS--ipr1,-3.909999962232408,0.0,14.715967345352896,14.715969001656235,195.69927584123775,5.24854817625896
405,Pd,fcc,1989--Adams-J-B--Pd--LAMMPS--ipr1,-3.9099999999169035,0.0,14.715967201458751,14.715969447048815,195.69932586748874,5.248154093756751
406,Pd,fcc,2004--Zhou-X-W--Pd--LAMMPS--ipr1,-3.9099960874005846,9.685754776000977e-07,14.719738184241656,14.719145228034412,195.16312569753393,5.786580701734841
407,Pd,fcc,2004--Zhou-X-W--Pd--LAMMPS--ipr2,-3.909994961557913,0.0,14.715967249999999,14.719149876394846,195.1410672145325,5.785044646646068
408,Pd,fcc,2008--Zhou-X-W--Pd-H--LAMMPS--ipr1,-3.9104182429439325,0.0,14.657697680266402,14.66117054108609,214.5462027114932,2.4548369364322578
409,Pd,fcc,2012--Schopf-D--Al-Mn-Pd--LAMMPS--ipr1,-5.19861274159842,-0.004121033,15.07222775676324,15.072257217731906,386.2979526678847,-2.775711371129981
410,Pd,fcc,2013--Hale-L-M--Pd-Ag-H-Hybrid--LAMMPS--ipr1,-3.9104246027491216,0.0,14.657701937164505,14.661163154741315,214.5507587041068,2.4574552791511475
411,Pd,fcc,2013--Hale-L-M--Pd-Ag-H-Morse--LAMMPS--ipr1,-3.9104246027491216,0.0,14.657701937164505,14.661163154741315,214.5507587041068,2.4574552791511475
412,Pd,fcc,PdAgH_HybridPd3Ag_eam_alloy,-3.9104246027491216,0.0,14.657701937164505,14.661163154741315,214.5507587041068,2.4574552791511475
413,Pd,fcc,PdAgH_MorsePd3Ag_eam_alloy,-3.9104246027491216,0.0,14.657701937164505,14.661163154741315,214.5507587041068,2.4574552791511475
414,Pd,fcc,PdSi_lammps_eam,-3.9131641778270905,-1.4191816264866197,14.991971553932508,14.991883947332646,194.38528858221756,3.9426149666632604
415,Pd,fcc,Pd_lammps_eam,-3.9120633381173735,-0.35841583313040193,14.53452345117862,14.534519347305956,199.12353245317487,6.972350239455175
416,Ag,fcc,1986--Foiles-S-M--Ag--LAMMPS--ipr1,-2.850000001566851,0.0,17.104481291859475,17.104484776736467,103.74098001196602,4.885470989575028
417,Ag,fcc,1986--Foiles-S-M--Ag-Au-Cu-Ni-Pd-Pt--LAMMPS--ipr1,-2.850000001566851,0.0,17.104481291859475,17.104484776736467,103.74098001196602,4.885470989575028
418,Ag,fcc,1987--Ackland-G-J--Ag--LAMMPS--ipr1,-2.967443901028805,0.0,17.05435346508633,17.05261748696322,108.48257726538107,11.450194643078136
419,Ag,fcc,1987--Ackland-G-J--Ag--LAMMPS--ipr2,-2.9674439010282296,0.0,17.054353465127807,17.052617907861926,108.48255195354251,11.450186613361478
420,Ag,fcc,1989--Adams-J-B--Ag--LAMMPS--ipr1,-2.850000001296576,0.0,17.104480894134205,17.104478181523017,103.74077784835275,4.889163873214625
421,Ag,fcc,1989--Adams-J-B--Ag-Au-Cu-Ni-Pd-Pt--LAMMPS--ipr1,-2.850000001296576,0.0,17.104480894134205,17.104478181523017,103.74077784835275,4.889163873214625
422,Ag,fcc,2004--Zhou-X-W--Ag--LAMMPS--ipr1,-2.8499950373127287,0.0,17.100088319496134,17.09924006329083,103.92518425968677,5.327120252229083
423,Ag,fcc,2004--Zhou-X-W--Ag--LAMMPS--ipr2,-2.849995145220031,0.0,17.10008694319916,17.09925963241325,103.92814743013516,5.323209470138557
424,Ag,fcc,2004--Zhou-X-W--Cu-Ag-Au--LAMMPS--ipr1,-2.8499995181458426,0.0,17.099904273523446,17.099246911201668,103.92713596088726,5.3252447582639295
425,Ag,fcc,2004--Zhou-X-W--Cu-Ag-Au--LAMMPS--ipr2,-2.849995145220031,0.0,17.10008694319964,17.09925958353187,103.92814266799209,5.323212189990911
426,Ag,fcc,2006--Williams-P-L--Ag--LAMMPS--ipr1,-2.8499999747278544,-2.615274813030921e-08,17.104484068465258,17.10410725656158,104.00867461791019,4.562568255698597
427,Ag,fcc,2006--Williams-P-L--Cu-Ag--LAMMPS--ipr1,-2.8499999747217397,-2.615274813030921e-08,17.10448407577818,17.104109472761436,104.00861248616195,4.562570095309126
428,Ag,fcc,2009--Wu-H-H--Cu-Ag--LAMMPS--ipr1,-2.84999689782122,-0.02174275598000017,17.1053503639124,17.104195751009375,104.05804700666803,4.545969932987931
429,Ag,fcc,2013--Gao-H--AgTaO3--LAMMPS--ipr1,-2.8500000000001386,0.0,16.979328032921085,16.979327997542992,103.74093006080645,4.928146985903713
430,Ag,fcc,2013--Gao-H--AgTaO3--LAMMPS--ipr2,-2.8500000000001386,0.0,16.979328032921085,16.979327997542992,103.74093006080645,4.928146985903713
431,Ag,fcc,2013--Hale-L-M--Pd-Ag-H-Hybrid--LAMMPS--ipr1,-2.850013602053144,-5.854100000091123e-06,17.104158866613012,17.103407917816316,103.95020447132663,4.743715911235306
432,Ag,fcc,2013--Hale-L-M--Pd-Ag-H-Morse--LAMMPS--ipr1,-2.8500136020535507,-5.854100000091123e-06,17.104158873014804,17.103411815938927,103.9500862040143,4.743717138494918
433,Ag,fcc,2018--Mendelev-M-I--Ag-Ni--LAMMPS--ipr1,-2.971387603993051,0.0,18.004831625452734,18.004838634092632,103.91209195119403,3.3793439888796186
434,Ag,fcc,2018--Pan-Z--Ag-Ni--LAMMPS--ipr1,-2.971387603993051,0.0,18.004831625452734,18.004838634092632,103.91209195119403,3.3793439888796186
435,Ag,fcc,Ag_eam_alloy,-2.8499999747278544,-2.615274813030921e-08,17.104484068465258,17.10410725656158,104.00867461791019,4.562568255698597
436,Ag,fcc,Ag_eam_fs,-2.967443901028805,0.0,17.05435346508633,17.05261748696322,108.48257726538107,11.450194643078136
437,Ag,fcc,Ag_lammps_eam,-2.8520810785683612,-0.2787918865483243,16.778194000689833,16.778197868744442,109.98444880702334,7.04961452935204
438,Ag,fcc,AlAg_lammps_eam,-2.851234059512762,-0.9803728422430722,16.843324751310256,16.843591901151704,100.5055220934492,2.4437053205085078
439,Ag,fcc,CuAg_eam_alloy,-2.8499999747217397,-2.615274813030921e-08,17.10448407577818,17.104109472761436,104.00861248616195,4.562570095309126
440,Ag,fcc,PdAgH_HybridPd3Ag_eam_alloy,-2.850013602053144,-5.854100000091123e-06,17.104158866613012,17.103407917816316,103.95020447132663,4.743715911235306
441,Ag,fcc,PdAgH_MorsePd3Ag_eam_alloy,-2.8500136020535507,-5.854100000091123e-06,17.104158873014804,17.103411815938927,103.9500862040143,4.743717138494918
442,Ag,fcc,ZrCuAg_lammps_eam,-2.8513494225942058,-1.0605119147153588,16.8287390165628,16.8285827797989,99.23360671152398,6.272051421350564
443,Ag,fcc,cu_ag_ymwu_eam_alloy,-2.84999689782122,-0.02174275598000017,17.1053503639124,17.104195751009375,104.05804700666803,4.545969932987931
444,Cd,hcp,1989--Wang-Z-Q--Cd-Te--LAMMPS--ipr1,-0.1346454689743405,0.0,28.473474687300772,27.83172954834847,2833.6362658840985,-40.6314581575434
445,Cd,hcp,2013--Zhou-X-W--Zn-Cd-Hg-S-Se-Te--LAMMPS--ipr1,-1.1329995483996242,0.0,23.055718148421146,23.52626090848338,189.1549506374336,7.554951680587228
446,Te,hcp,1989--Wang-Z-Q--Cd-Te--LAMMPS--ipr1,-1.1436271393864739,0.0,42.249454770372964,38.44171879010103,609.2472200862223,30.610332285792662
447,Te,hcp,2013--Zhou-X-W--Zn-Cd-Hg-S-Se-Te--LAMMPS--ipr1,-1.4813133564467478,0.0,42.18402532826318,-45.59799563784186,-2824788684.1734967,-9.52285129896495
448,Xe,fcc,2013--Smirnova-D-E--U-Mo-Xe--LAMMPS--ipr1,-0.014813066614082833,0.0,71.94874670605586,-53.743884109649834,-68425263976.050316,-9.49812038793889
449,Xe,fcc,U_Mo_Xe_2013_eam_alloy,-0.014813066614082833,0.0,71.94874670605586,-53.743884109649834,-68425263976.050316,-9.49812038793889
450,Cs,bcc,2016--Nichol-A--Cs--LAMMPS--ipr1,-0.7862840955704096,0.0,110.76152887312475,115.68212710826768,2.5270000412406435,3.4264713668349227
451,Cs,bcc,2016--Nichol-A--Cs--LAMMPS--ipr2,-0.7880000889946057,0.0,115.7943275635387,115.79414963647633,2.314846177582133,2.7035266579444523
452,Cs,bcc,Cs_eam_fs,-0.7862840955704096,0.0,110.76152887312475,115.68212710826768,2.5270000412406435,3.4264713668349227
453,Ce,fcc,Ce_lammps_eam,-4.320742567173512,-0.802893686763952,33.793321257168486,33.79345390097756,23.277278305499085,16.37993137522379
454,Tb,hcp,2018--Mendelev-M-I--Tb--LAMMPS--ipr1,-4.190895214757916,0.0,32.193434621601476,32.22493504353219,37.01932292247501,41.73311732195749
455,Ta,bcc,2003--Li-Y-H--Ta--LAMMPS--ipr1,-8.089000095872525,0.0,18.011544670332952,18.000618861335333,193.5899897907224,-12.849309373782775
456,Ta,bcc,2004--Zhou-X-W--Ta--LAMMPS--ipr1,-8.090001521576735,7.152557373046875e-07,18.009877853562518,18.010100026088995,192.61338246049903,4.209540291341923
457,Ta,bcc,2004--Zhou-X-W--Ta--LAMMPS--ipr2,-8.090001506075469,0.0,18.00999127422044,18.01010592728145,192.60146008868546,4.208116684686542
458,Ta,bcc,2004--Zhou-X-W--Ta-Cu--LAMMPS--ipr1,-8.090001521576735,7.152557373046875e-07,18.009877853562518,18.010100026088995,192.61338246049903,4.209540291341923
459,Ta,bcc,2004--Zhou-X-W--Ta-Cu--LAMMPS--ipr2,-8.090001506075469,0.0,18.00999127422044,18.01010592728145,192.60146008868546,4.208116684686542
460,Ta,bcc,2013--Gao-H--AgTaO3--LAMMPS--ipr1,-8.090000000626528,0.0,18.017549662374194,18.017549574492396,191.547699978988,4.2635231267230544
461,Ta,bcc,2013--Gao-H--AgTaO3--LAMMPS--ipr2,-8.090000000626528,0.0,18.017549662374194,18.017549574492396,191.547699978988,4.2635231267230544
462,Ta,bcc,2013--Ravelo-R--Ta-1--LAMMPS--ipr1,-8.100000000001037,0.0,18.03391922490829,18.033919232159548,194.65298546445058,4.289333207600934
463,Ta,bcc,2013--Ravelo-R--Ta-2--LAMMPS--ipr1,-8.10000000000405,0.0,18.03391924926346,18.033919233067138,195.91747694637095,3.946134234370091
464,Ta,bcc,2015--Purja-Pun-G-P--Cu-Ta--LAMMPS--ipr1,-8.10000000152233,0.0,18.03391794305471,18.03391889265041,194.6996653582443,3.9368196975778256
465,Ta,bcc,2015--Purja-Pun-G-P--Cu-Ta--LAMMPS--ipr2,-8.10000000152233,0.0,18.03391794305471,18.03391889265041,194.6996653582443,3.9368196975778256
466,Ta,bcc,2015--Purja-Pun-G-P--Ta--LAMMPS--ipr1,-8.100000000393038,0.0,18.033917696218072,18.033918889640994,194.69963643319304,3.9368232101118776
467,Ta,bcc,Ta1_Ravelo_2013_eam_alloy,-8.100000000001037,0.0,18.03391922490829,18.033919232159548,194.65298546445058,4.289333207600934
468,Ta,bcc,Ta2_Ravelo_2013_eam_alloy,-8.10000000000405,0.0,18.03391924926346,18.033919233067138,195.91747694637095,3.946134234370091
469,Ta,bcc,Ta_lammps_eam,-8.1004630561486,-0.020823156143930086,17.94924040470501,17.94922950768221,207.1818957793799,9.125859238284368
470,Ta,bcc,newPP1_47_setfl_eam_alloy,-8.089000095872525,0.0,18.011544670332952,18.000618861335333,193.5899897907224,-12.849309373782775
471,W,bcc,2003--Han-S--W--LAMMPS--ipr1,-8.909999810666685,0.0,15.855263943738503,15.855419151765126,317.31571510664725,1.5520905089701098
472,W,bcc,2004--Zhou-X-W--W--LAMMPS--ipr1,-8.759993776447292,0.0,15.849993392591612,15.85016145928696,310.4282255600073,4.65111140436451
473,W,bcc,2004--Zhou-X-W--W--LAMMPS--ipr2,-8.759994057145244,0.0,15.849996605712022,15.850130362192505,310.4308670061799,4.65795798804094
474,W,bcc,2009--Olsson-P-A-T--W--LAMMPS--ipr1,-8.900004790205587,-1e-07,15.777232050705654,15.777305056604874,314.1417847633209,6.126960636156794
475,W,bcc,2013--Bonny-G--Fe-Cr-W--LAMMPS--ipr1,-8.90000235890549,0.0,15.855263375770269,15.852205595126515,309.44173880969925,4.260111476577745
476,W,bcc,2013--Bonny-G--Fe-Cr-W-LAMMPS--ipr1,-8.90000235890549,0.0,15.855263375770269,15.852205595126515,309.44173880969925,4.260111476577745
477,W,bcc,2013--Bonny-G--Fe-W--LAMMPS--ipr1,-8.90000235890549,0.0,15.855263375770269,15.852205595126515,309.44173880969925,4.260111476577745
478,W,bcc,2013--Marinica-M-C--W-2--LAMMPS--ipr1,-8.899980006561618,0.0,15.479570257247387,15.478801487771031,292.30596195135666,1.874814509853156
479,W,bcc,2013--Marinica-M-C--W-3--LAMMPS--ipr1,-8.899224292330995,0.0,16.19086888379237,16.2101322550495,287.78556002131705,3.2781598747668417
480,W,bcc,2013--Marinica-M-C--W-4--LAMMPS--ipr1,-8.899995814012351,0.0,15.529762639741366,15.532101632205038,300.73797850011056,5.343032025894969
481,W,bcc,2014--Bonny-G--W-H-He-1--LAMMPS--ipr1,-8.899980006570694,0.0,15.47957025203765,15.478805914600754,292.3056644550002,1.8746621613184589
482,W,bcc,2014--Bonny-G--W-H-He-2--LAMMPS--ipr1,-8.899980006570694,0.0,15.47957025203765,15.478805914600754,292.3056644550002,1.8746621613184589
483,W,bcc,2017--Bonny-G--W-Re--LAMMPS--ipr1,-8.899980006565459,0.0,15.4795702571498,15.478807866679059,292.305588145204,1.874592668683237
484,W,bcc,2018--Setyawan-W--W-Re--LAMMPS--ipr1,-8.900640092412958,0.0,15.52507335287767,15.527309485158332,301.1048873901277,5.394501846559376
485,W,bcc,W2_eam_fs,-8.883116847440023,0.0,15.860756934589636,15.858613202715034,308.058508355994,5.553922204886819
486,W,bcc,W_eam_fs,-8.909999810666685,0.0,15.855263943738503,15.855419151765126,317.31571510664725,1.5520905089701098
487,W,bcc,potential_WHHe_EAM1_eam_alloy,-8.899980006570694,0.0,15.47957025203765,15.478805914600754,292.3056644550002,1.8746621613184589
488,W,bcc,potential_WHHe_EAM2_eam_alloy,-8.899980006570694,0.0,15.47957025203765,15.478805914600754,292.3056644550002,1.8746621613184589
489,Re,hcp,2017--Bonny-G--W-Re--LAMMPS--ipr1,-8.029999999519438,0.0,14.70884614939134,14.709131943985755,381.9230212430874,2.892954327026448
490,Re,hcp,2018--Setyawan-W--W-Re--LAMMPS--ipr1,-8.029861478141148,0.0,14.779911698455665,14.782317708877027,278.77136665200464,8.031394394938333
491,Ir,fcc,Ir_lammps_eam,-6.940367201097018,1.2133812221605487,14.077416591808573,14.077400881754121,358.72764693504524,3.510838198175432
492,Pt,fcc,1986--Foiles-S-M--Ag-Au-Cu-Ni-Pd-Pt--LAMMPS--ipr1,-5.769999929038334,0.0,15.059071635722336,15.059072922736723,283.08458876044443,5.25278527531459
493,Pt,fcc,1986--Foiles-S-M--Pt--LAMMPS--ipr1,-5.769999999340658,0.0,15.059072538680054,15.05907195426641,283.08465540587486,5.253188757208805
494,Pt,fcc,1989--Adams-J-B--Ag-Au-Cu-Ni-Pd-Pt--LAMMPS--ipr1,-5.769999925425669,0.0,15.059071693556769,15.059072889802719,283.0845877035662,5.252817084404422
495,Pt,fcc,1989--Adams-J-B--Pt--LAMMPS--ipr1,-5.769999999231736,0.0,15.059072635172866,15.059071868167846,283.0846558868282,5.253240976492417
496,Pt,fcc,2004--Zhou-X-W--Pt--LAMMPS--ipr1,-5.7699973026017695,0.0,15.059072000000004,15.058278262344112,283.3385345330958,6.190856794010304
497,Pt,fcc,2004--Zhou-X-W--Pt--LAMMPS--ipr2,-5.769996846675884,0.0,15.059072000000004,15.058305143137813,283.3526409011896,6.184068116844554
498,Pt,fcc,2017--OBrien-C-J--Pt-Au--LAMMPS--ipr1,-5.506045706217714,0.0,15.709861341218337,15.709866419519662,236.09071644950046,5.095440224971267
499,Pt,fcc,Pt_lammps_eam,-5.770796405363709,-0.8946361029926022,14.935139814159918,14.935139718151715,292.0765861618695,5.29782213619702
500,Pt,fcc,ZrPt_lammps_eam,-5.774719207716796,-1.0303183946407815,14.761887821585564,14.761897601097127,268.09965214344396,7.910429404339693
501,Au,fcc,1986--Foiles-S-M--Ag-Au-Cu-Ni-Pd-Pt--LAMMPS--ipr1,-3.930000000177744,0.0,16.979328228678956,16.979328010972093,166.89340315408901,5.201840046268605
502,Au,fcc,1986--Foiles-S-M--Au--LAMMPS--ipr1,-3.930000000177744,0.0,16.979328228678956,16.979328010972093,166.89340315408901,5.201840046268605
503,Au,fcc,1987--Ackland-G-J--Au--LAMMPS--ipr1,-3.7890452932096386,0.0,16.954378605162752,16.953284230647707,172.7651724590888,10.763387658873759
504,Au,fcc,1987--Ackland-G-J--Au--LAMMPS--ipr2,-3.7890452932108443,0.0,16.954378605609293,16.95328376049678,172.76541557587473,10.763372749064668
505,Au,fcc,1989--Adams-J-B--Ag-Au-Cu-Ni-Pd-Pt--LAMMPS--ipr1,-3.929999999493364,0.0,16.979327601429635,16.97932773706533,166.89338440925314,5.201980314755868
506,Au,fcc,1989--Adams-J-B--Au--LAMMPS--ipr1,-3.929999999493364,0.0,16.979327601429635,16.97932773706533,166.89338440925314,5.201980314755868
507,Au,fcc,2004--Zhou-X-W--Au--LAMMPS--ipr1,-3.930005201199555,-5.960464477539062e-08,16.979328,16.97969591511518,167.05669534432428,5.396813683920698
508,Au,fcc,2004--Zhou-X-W--Au--LAMMPS--ipr2,-3.9300050386611978,0.0,16.97999499457817,16.979698196630405,167.05623830478473,5.396203835216092
509,Au,fcc,2004--Zhou-X-W--Cu-Ag-Au--LAMMPS--ipr1,-3.930004896058339,-5.960464477539062e-08,16.980117768654004,16.979711134223034,167.05620312428042,5.393603594702308
510,Au,fcc,2004--Zhou-X-W--Cu-Ag-Au--LAMMPS--ipr2,-3.9300050386648304,0.0,16.97999535867134,16.97969875735102,167.05621088449743,5.396204390112121
511,Au,fcc,2005--Grochola-G--Au--LAMMPS--ipr1,-3.924217906041186,0.0,16.856157839165,16.855140930614933,180.9907787160692,3.605941486083375
512,Au,fcc,2009--Zhakhovskii-V-V--Au--LAMMPS--ipr1,-3.810000054915296,0.0,16.792743656603044,16.792743419583864,179.40579284551072,5.6042321094133145
513,Au,fcc,2010--Olsson-P-A-T--Au--LAMMPS--ipr1,-3.809999999994342,1e-07,16.979327998825617,16.979286341506377,180.52539259013443,5.47777787990071
514,Au,fcc,2012--Norman-G-E--Au--LAMMPS--ipr1,-4.299362808386015,0.0,16.83616527231113,16.83692632821024,196.43275805853438,7.212333584992722
515,Au,fcc,2017--OBrien-C-J--Pt-Au--LAMMPS--ipr1,-3.0332048999772137,0.0,17.906402110555074,17.906392496860246,146.01875660411395,5.642300737348592
516,Au,fcc,2017--Purja-Pun-G-P--Au--LAMMPS--ipr1,-3.930000000074206,0.0,16.954345082396976,16.9542950054206,180.52887156036638,5.634285400783723
517,Au,fcc,2018--Starikov-S-V--Si-Au--LAMMPS--ipr1,-3.902447037393889,0.0,18.285528548494984,18.286038181651186,35.04671066137696,-35.4559141786776
518,Au,fcc,2018--Starikov-S-V--Si-Au--LAMMPS--ipr2,-3.902447037393889,0.0,18.285528548494984,18.286038181651186,35.04671066137696,-35.4559141786776
519,Au,fcc,Au_GLJ10_3_eam_alloy,-3.930000000074206,0.0,16.954345082396976,16.9542950054206,180.52887156036638,5.634285400783723
520,Au,fcc,Au_Grochola_JCP05_eam_alloy,-3.924217906041186,0.0,16.856157839165,16.855140930614933,180.9907787160692,3.605941486083375
521,Au,fcc,Au_Olsson_JAP2010_eam_alloy,-3.809999999994342,1e-07,16.979327998825617,16.979286341506377,180.52539259013443,5.47777787990071
522,Au,fcc,Au_eam_fs,-3.7890452932096386,0.0,16.954378605162752,16.953284230647707,172.7651724590888,10.763387658873759
523,Au,fcc,Au_lammps_eam,-3.931097148233228,-0.8168302217173083,16.762990677441152,16.76299288915696,189.56997581689646,6.997431077359083
524,Pb,fcc,2000--Landa-A--Al-Pb--LAMMPS--ipr1,-2.030003920235031,0.0,29.57682482457462,29.60449730421012,46.28772618525623,10.027514217752858
525,Pb,fcc,2003--Hoyt-J-J--Cu-Pb--LAMMPS--ipr1,-2.029999209747878,-4.163336342344337e-16,29.595051238969564,29.60567015482562,46.15349820534382,9.878761184077534
526,Pb,fcc,2004--Zhou-X-W--Pb--LAMMPS--ipr1,-2.0199960550709517,1.013278961181641e-06,30.310152370760882,30.309421671641328,44.700421922692186,5.256569011779255
527,Pb,fcc,2004--Zhou-X-W--Pb--LAMMPS--ipr2,-2.019996089006706,0.0,30.310109098451722,30.309452112019866,44.7034484845677,5.251573945844008
528,Pb,fcc,2018--Etesami-S-A--Pb-Sn--LAMMPS--ipr1,-2.0400000000710055,0.0,30.31720324144097,30.317203244456664,48.79824140963346,5.255066297465039
529,Pb,fcc,2018--Wang-K--Pb-II--LAMMPS--ipr1,-2.039999999450441,0.0,30.321799412683813,30.946129777697724,72.4537549197879,-69.33025565824352
530,Pb,fcc,Pb_lammps_eam,-2.8511706697120034,0.8416877909487137,29.857301190449203,29.857300268862414,51.49563843980124,8.731138727420094
531,Pb,fcc,alpb_setfl_eam_alloy,-2.030003920235031,0.0,29.57682482457462,29.60449730421012,46.28772618525623,10.027514217752858
